Player,Pos,School,Wt,40yd,Vertical,Bench,Broad Jump,3Cone,Shuttle,Drafted (tm/rnd/yr)
Jonas Jennings,OT,Georgia,334,5.31,29.5,31,102,8.08,4.93,Buffalo Bills / 3rd / 95th pick / 2001
Kenyatta Jones,OT,South Florida,308,5.01,,31,,,,New England Patriots / 4th / 96th pick / 2001
Matt Light,OT,Purdue,311,5.29,,26,,7.84,4.49,New England Patriots / 2nd / 48th pick / 2001
Kareem McKenzie,OT,Penn State,328,5.33,33,20,104,7.87,4.8,New York Jets / 3rd / 79th pick / 2001
Kendrick Rogers,OT,Central Missouri State,311,5.16,,23,,,,
Elliot Silvers,OT,Washington,348,5.43,31.5,19,99,7.81,4.66,San Diego Chargers / 5th / 132nd pick / 2001
Marques Sullivan,OT,Illinois,338,5.32,30.5,28,98,8.36,4.8,Buffalo Bills / 5th / 144th pick / 2001
Tarlos Thomas,OT,Florida State,336,5.52,25,19,92,8.6,4.9,
Patrick Venzke,OT,Idaho,303,5.28,34,,103,8.08,4.59,
Kenyatta Walker,OT,Florida,311,5.17,31.5,24,109,7.7,4.6,Tampa Bay Buccaneers / 1st / 14th pick / 2001
Maurice Williams,OT,Michigan,304,5.2,,24,,,,Jacksonville Jaguars / 2nd / 43rd pick / 2001
Brandon Winey,OT,LSU,301,5.3,,,,,,Miami Dolphins / 6th / 164th pick / 2001
Matt Anderle,OT,Minnesota,327,5.5,29,26,104,7.99,4.8,San Diego Chargers / 6th / 178th pick / 2002
Reggie Coleman,OT,Tennessee,301,5.23,29,,103,7.84,4.88,Washington Redskins / 6th / 192nd pick / 2002
Mike Collins,OT,Wake Forest,300,5.53,25.5,32,104,8.62,4.98,
Marc Colombo,OT,Boston Col.,313,5.27,29.5,30,101,7.65,4.6,Chicago Bears / 1st / 29th pick / 2002
Matt Hill,OT,Boise State,300,5.33,28.5,20,101,7.58,4.54,Seattle Seahawks / 5th / 171st pick / 2002
Jermese Jones,OT,Virginia,337,5.29,,22,,,,
Levi Jones,OT,Arizona State,304,5.21,,,103,,,Cincinnati Bengals / 1st / 10th pick / 2002
Doug Kaufusi,OT,Utah,313,5.47,,,,,,
Kyle Kosier,OT,Arizona State,293,5.09,29.5,24,108,7.34,4.49,San Francisco 49ers / 7th / 248th pick / 2002
Bryant McKinnie,OT,Miami (FL),343,5.13,,,,,,Minnesota Vikings / 1st / 7th pick / 2002
Terrence Metcalf,OT,Mississippi,318,5.31,,28,,,,Chicago Bears / 3rd / 93rd pick / 2002
Chester Pitts,OT,San Diego State,320,5.22,30,,106,7.84,4.81,Houston Texans / 2nd / 50th pick / 2002
Kurt Vollers,OT,Notre Dame,321,5.36,30.5,30,,,,
Langston Walker,OT,California,344,5.26,28.5,21,102,8.09,4.95,Oakland Raiders / 2nd / 53rd pick / 2002
Mike Williams,OT,Texas,375,5.3,30,29,102,,,Buffalo Bills / 1st / 4th pick / 2002
Jordan Black,OT,Notre Dame,314,5.18,30,,106,7.65,4.5,Kansas City Chiefs / 5th / 153rd pick / 2003
Ulish Booker,OT,Michigan State,304,5.24,,,,,,
Brennan Curtin,OT,Notre Dame,318,5.28,32,,100,7.98,4.87,Green Bay Packers / 6th / 212th pick / 2003
George Foster,OT,Georgia,338,5.23,27,,100,,,Denver Broncos / 1st / 20th pick / 2003
Jordan Gross,OT,Utah,300,5.05,31.5,28,112,7.69,4.39,Carolina Panthers / 1st / 8th pick / 2003
Kwame Harris,OT,Stanford,310,5.2,35.5,,107,7.98,4.65,San Francisco 49ers / 1st / 26th pick / 2003
Wayne Hunter,OT,Hawaii,303,5.08,31,37,104,7.72,4.57,Seattle Seahawks / 3rd / 73rd pick / 2003
Jason Jimenez,OT,Southern Miss,311,5.26,30,18,96,8.47,4.69,
Garry Johnson,OT,Arkansas State,289,5.28,24.5,17,97,8.27,4.89,
Ben Johnson,OT,Wisconsin,329,5.37,,30,,,,Detroit Lions / 7th / 216th pick / 2003
Chuck Klabo,OT,North Dakota State,291,5.32,,,,,,
Scott Kooistra,OT,North Carolina State,316,5.14,31,28,103,7.95,4.62,Cincinnati Bengals / 7th / 215th pick / 2003
Damian Lavergne,OT,Louisiana Tech,333,5.57,27,17,92,8.44,4.86,
Pete Lougheed,OT,Purdue,300,5.16,28.5,20,93,7.86,4.51,
Kareem Marshall,OT,Georgia,359,5.22,27.5,,92,,,
Lance Nimmo,OT,West Virginia,303,5.28,27,20,90,8.21,4.96,Tampa Bay Buccaneers / 4th / 130th pick / 2003
Will Ofenheusle,OT,Tennessee,308,5.35,26.5,23,94,8.65,5.03,
Tony Pashos,OT,Illinois,337,5.3,,38,,,,Baltimore Ravens / 5th / 173rd pick / 2003
David Porter,OT,Iowa,311,5.32,26,,95,8.43,4.98,
Tim Provost,OT,San Jose State,301,5.23,28.5,21,102,8.38,4.7,Miami Dolphins / 6th / 209th pick / 2003
Dustin Rykert,OT,BYU,327,5.42,26.5,21,92,8.2,4.87,Oakland Raiders / 6th / 204th pick / 2003
Watts Sanderson,OT,South Carolina,303,5.37,28.5,24,100,8.48,4.94,
Steve Sciullo,OT,Marshall,330,5.48,28,23,98,7.85,4.72,Indianapolis Colts / 4th / 122nd pick / 2003
Wade Smith,OT,Memphis,296,5.14,32.5,24,114,7.62,4.75,Miami Dolphins / 3rd / 78th pick / 2003
Jon Stinchcomb,OT,Georgia,302,4.99,35,32,115,7.83,4.62,New Orleans Saints / 2nd / 37th pick / 2003
Seth Wand,OT,Northwest Missouri State,321,5.14,31.5,20,107,7.61,4.5,Houston Texans / 3rd / 75th pick / 2003
Reggie Wells,OT,Clarion,300,5.16,29,23,104,8.35,4.56,Arizona Cardinals / 6th / 177th pick / 2003
Brett Williams,OT,Florida State,321,5.25,27.5,,99,8.57,5.01,Kansas City Chiefs / 4th / 113th pick / 2003
Todd Williams,OT,Florida State,340,5.08,32.5,27,108,8.06,4.54,Tennessee Titans / 7th / 225th pick / 2003
Shawn Andrews,OT,Arkansas,366,5.49,25,27,98,8.25,4.85,Philadelphia Eagles / 1st / 16th pick / 2004
Stacy Andrews,OT,Mississippi,342,5.07,30.5,34,106,8.09,4.78,Cincinnati Bengals / 4th / 123rd pick / 2004
Sean Bubin,OT,Illinois,306,5.32,24.5,25,97,7.66,4.76,Jacksonville Jaguars / 5th / 159th pick / 2004
Kelly Butler,OT,Purdue,320,5.11,30.5,,105,7.96,4.92,Detroit Lions / 6th / 172nd pick / 2004
Marko Cavka,OT,Sacramento State,294,5.17,27.5,27,107,7.53,4.37,New York Jets / 6th / 178th pick / 2004
Kirk Chambers,OT,Stanford,313,5.44,27,22,101,7.56,4.4,Cleveland Browns / 6th / 176th pick / 2004
Nat Dorsey,OT,Georgia Tech,322,5.46,28.5,26,102,8.3,4.84,Minnesota Vikings / 4th / 115th pick / 2004
Robert Gallery,OT,Iowa,323,4.98,30,24,105,7.42,4.38,Oakland Raiders / 1st / 2nd pick / 2004
Adrian Jones,OT,Kansas,296,4.97,31,27,114,7.81,4.58,New York Jets / 4th / 132nd pick / 2004
Carlos Joseph,OT,Miami (FL),345,5.33,,29,,,,San Diego Chargers / 7th / 254th pick / 2004
Brad Lekkerkerker,OT,California-Davis,317,5.36,27.5,23,102,7.94,4.71,
Dylan McFarland,OT,Montana,304,5.26,27.5,31,98,,,Buffalo Bills / 7th / 207th pick / 2004
Jim Molinaro,OT,Notre Dame,308,5.09,29.5,21,105,7.75,4.6,Washington Redskins / 6th / 180th pick / 2004
Shane Olivea,OT,Ohio State,302,5.29,29,,92,8.25,4.71,San Diego Chargers / 7th / 209th pick / 2004
Tony Pape,OT,Michigan,323,5.36,27,26,97,8.01,4.6,Miami Dolphins / 7th / 221st pick / 2004
Josh Parrish,OT,Washington State,330,5.41,28,20,104,8.24,4.61,
Brian Rimpf,OT,East Carolina,319,5.41,28,31,105,7.97,4.66,Baltimore Ravens / 7th / 246th pick / 2004
Jacob Rogers,OT,USC,307,5.3,,30,,,,Dallas Cowboys / 2nd / 52nd pick / 2004
Jake Scott,OT,Idaho,281,5.06,34.5,24,110,7.96,4.68,Indianapolis Colts / 5th / 141st pick / 2004
Max Starks,OT,Florida,350,5.56,27.5,21,98,7.88,4.65,Pittsburgh Steelers / 3rd / 75th pick / 2004
Drew Strojny,OT,Duke,327,5.37,29.5,,99,7.98,4.84,New York Giants / 7th / 203rd pick / 2004
Travelle Wharton,OT,South Carolina,312,5.14,31.5,,105,8.31,4.58,Carolina Panthers / 3rd / 94th pick / 2004
Mark Wilson,OT,California,314,5.36,28.5,24,108,7.53,4.49,Washington Redskins / 5th / 151st pick / 2004
Anthony Alabi,OT,TCU,310,5.12,32.5,18,105,7.62,4.6,Miami Dolphins / 5th / 162nd pick / 2005
Calvin Armstrong,OT,Washington State,325,5.51,34,26,100,7.62,4.66,Philadelphia Eagles / 6th / 211th pick / 2005
Khalif Barnes,OT,Washington,305,4.92,35,26,106,7.57,4.54,Jacksonville Jaguars / 2nd / 52nd pick / 2005
Alex Barron,OT,Florida State,320,4.87,35.5,,112,7.83,4.56,St. Louis Rams / 1st / 19th pick / 2005
Joe Berger,OT,Michigan Tech,303,5.18,27,30,96,7.77,4.62,Carolina Panthers / 6th / 207th pick / 2005
Wesley Britt,OT,Alabama,314,5.2,,24,,,,San Diego Chargers / 5th / 164th pick / 2005
Tim Brown,OT,West Virginia,318,5.6,29,23,93,7.84,4.92,
Jammal Brown,OT,Oklahoma,316,5.06,31.5,,109,7.93,4.67,New Orleans Saints / 1st / 13th pick / 2005
Chris Colmer,OT,Boise State,310,5.19,,,,,,Tampa Bay Buccaneers / 3rd / 91st pick / 2005
Jon Colon,OT,Florida,317,5.64,25.5,,85,8.03,4.89,
Dan Connolly,OT,Southeast Missouri,311,5.19,28.5,22,108,7.65,4.54,
Harvey Dahl,OT,Nevada,299,5.42,27,17,99,8.15,4.58,
Jon Dunn,OT,Virginia Tech,328,5.4,,,,,,Cleveland Browns / 7th / 217th pick / 2005
Trai Essex,OT,Northwestern,324,5.61,29,,96,8.11,4.92,Pittsburgh Steelers / 3rd / 93rd pick / 2005
Justin Geisinger,OT,Vanderbilt,322,5.38,25,34,95,7.87,4.62,Buffalo Bills / 6th / 197th pick / 2005
Chase Johnson,OT,TCU,330,5.41,27,,91,8.15,4.7,
Nick Kaczur,OT,Toledo,319,5.28,31.5,,,,,New England Patriots / 3rd / 100th pick / 2005
Adam Kieft,OT,Central Michigan,337,5.52,33,28,110,7.78,4.76,Cincinnati Bengals / 5th / 153rd pick / 2005
Samuel Lightbody,OT,Michigan State,321,5.62,30,,108,7.95,4.41,
Daniel Loper,OT,Texas Tech,306,5.3,32,14,101,7.74,4.68,Tennessee Titans / 5th / 150th pick / 2005
Pete McMahon,OT,Iowa,329,5.43,27,26,92,7.97,4.8,Oakland Raiders / 6th / 214th pick / 2005
Willie McNeill,OT,North Carolina,291,5.3,,,,,,
Michael Munoz,OT,Tennessee,306,5.3,,,,,,
Frank Omiyale,OT,Tennessee Tech,310,5.3,29.5,22,101,8.19,4.72,Atlanta Falcons / 5th / 163rd pick / 2005
Jeremy Parquet,OT,Southern Miss,323,5.31,29.5,17,94,7.95,4.8,Kansas City Chiefs / 7th / 238th pick / 2005
Erik Pears,OT,Colorado State,312,5.12,,,,,,
Rob Petitti,OT,Pittsburgh,347,5.48,,,,,,Dallas Cowboys / 6th / 209th pick / 2005
Michael Roos,OT,East. Washington,320,5.3,29,19,97,7.72,4.5,Tennessee Titans / 2nd / 41st pick / 2005
Wes Sims,OT,Oklahoma,318,5.39,28,26,108,7.68,4.43,San Diego Chargers / 6th / 177th pick / 2005
David Stewart,OT,Mississippi State,314,5.25,,24,,,,Tennessee Titans / 4th / 113th pick / 2005
Adam Terry,OT,Syracuse,330,5.4,28,,96,7.89,4.78,Baltimore Ravens / 2nd / 64th pick / 2005
Mike Watson,OT,West Virginia,316,5.46,27.5,,100,,,
Sam Wilder,OT,Colorado,298,5.31,26.5,23,102,7.43,4.5,
Ray Willis,OT,Florida State,327,5.18,,27,,,,Seattle Seahawks / 4th / 105th pick / 2005
Kevin Boothe,OT,Cornell,316,5.41,31.5,23,98,8.36,5.07,Oakland Raiders / 6th / 176th pick / 2006
Brad Butler,OT,Virginia,310,5.29,,,,,,Buffalo Bills / 5th / 143rd pick / 2006
Rashad Butler,OT,Miami (FL),293,5.3,28,16,106,7.9,4.55,Carolina Panthers / 3rd / 89th pick / 2006
Jeromey Clary,OT,Kansas State,309,5.28,26,24,102,7.8,4.63,San Diego Chargers / 6th / 187th pick / 2006
Daryn Colledge,OT,Boise State,299,5.05,32.5,21,110,7.43,4.58,Green Bay Packers / 2nd / 47th pick / 2006
Ryan Cook,OT,New Mexico,328,5.47,26.5,28,97,7.93,4.66,Minnesota Vikings / 2nd / 51st pick / 2006
Jahri Evans,OT,Texas A&M,316,5.25,27,20,95,7.97,4.8,New Orleans Saints / 4th / 108th pick / 2006
D'Brickashaw Ferguson,OT,Virginia,312,5.08,,,,,,New York Jets / 1st / 4th pick / 2006
Winston Justice,OT,USC,319,5.16,35,,110,7.31,4.53,Philadelphia Eagles / 2nd / 39th pick / 2006
Jimmy Martin,OT,Virginia Tech,303,5.23,31,25,101,,,San Diego Chargers / 7th / 227th pick / 2006
Marcus McNeill,OT,Auburn,336,5.07,31,,98,8.19,5,San Diego Chargers / 2nd / 50th pick / 2006
Paul McQuistan,OT,Weber State,312,5.07,29.5,28,110,7.72,4.62,Oakland Raiders / 3rd / 69th pick / 2006
Ryan O'Callaghan,OT,California,344,5.39,25,21,92,,,New England Patriots / 5th / 136th pick / 2006
Quinn Ojinnaka,OT,Syracuse,309,5.44,28.5,21,102,8.45,5.11,Atlanta Falcons / 5th / 139th pick / 2006
Donald Penn,OT,Utah State,317,5.05,,21,,,,
Terrance Pennington,OT,New Mexico,325,5.39,28.5,28,102,,,Buffalo Bills / 7th / 216th pick / 2006
Dennis Roland,OT,Georgia,328,5.28,,19,,,,
Jonathan Scott,OT,Texas,315,5.32,24.5,,101,7.73,4.85,Detroit Lions / 5th / 141st pick / 2006
Zach Strief,OT,Northwestern,330,5.38,21,19,94,8.01,4.83,New Orleans Saints / 7th / 210th pick / 2006
Joe Toledo,OT,Washington,337,5.11,,32,,,,Miami Dolphins / 4th / 114th pick / 2006
Michael Toudouze,OT,TCU,303,5.12,26.5,23,100,7.45,4.7,Indianapolis Colts / 5th / 162nd pick / 2006
Jeremy Trueblood,OT,Boston Col.,316,5.25,27.5,20,96,7.82,4.68,Tampa Bay Buccaneers / 2nd / 59th pick / 2006
Stefon Wheeler,OT,Michigan State,339,5.73,19.5,,74,8.09,4.86,
Guy Whimper,OT,East Carolina,304,4.96,29,26,102,7.38,4.59,New York Giants / 4th / 129th pick / 2006
E.J. Whitley,OT,UNLV,309,5.35,25,16,101,7.53,4.79,Dallas Cowboys / 7th / 224th pick / 2006
Andrew Whitworth,OT,LSU,334,5.16,30.5,28,112,8.23,4.83,Cincinnati Bengals / 2nd / 55th pick / 2006
Eric Winston,OT,Miami (FL),310,4.94,29,,108,7.47,4.44,Houston Texans / 3rd / 66th pick / 2006
Allen Barbre,OT,Missouri Southern,300,4.84,32,28,105,7.4,4.63,Green Bay Packers / 4th / 119th pick / 2007
Levi Brown,OT,Penn State,323,5.4,25.5,31,97,7.87,4.89,Arizona Cardinals / 1st / 5th pick / 2007
Andrew Carnahan,OT,Arizona State,306,5.2,,22,,,,Jacksonville Jaguars / 7th / 252nd pick / 2007
Chris Denman,OT,Fresno State,315,5.62,27.5,21,97,8.1,4.92,Tampa Bay Buccaneers / 7th / 214th pick / 2007
Tala Esera,OT,Hawaii,312,5.22,,,,,,
Doug Free,OT,Northern Illinois,324,5.19,30,22,111,7.38,4.53,Dallas Cowboys / 4th / 122nd pick / 2007
Brandon Frye,OT,Virginia Tech,301,5.08,32.5,34,103,7.5,4.4,Houston Texans / 5th / 163rd pick / 2007
Gabe Hall,OT,Texas Tech,313,4.91,29,22,104,7.59,4.68,
Ryan Harris,OT,Notre Dame,305,5.09,25.5,22,100,7.78,4.52,Denver Broncos / 3rd / 70th pick / 2007
Mario Henderson,OT,Florida State,302,5.11,28.5,20,109,7.6,4.87,Oakland Raiders / 3rd / 91st pick / 2007
Stephon Heyer,OT,Maryland,334,5.59,,30,94,,,
Corey Hilliard,OT,Oklahoma State,308,5.29,27,28,106,7.45,4.65,New England Patriots / 6th / 209th pick / 2007
Adam Koets,OT,Oregon State,298,5.08,32,20,106,7.44,4.47,New York Giants / 6th / 189th pick / 2007
James Marten,OT,Boston Col.,309,5.08,30.5,,100,7.68,4.54,Dallas Cowboys / 3rd / 67th pick / 2007
Mike Otto,OT,Purdue,308,5.2,26.5,20,105,7.62,4.67,
Ken Shackleford,OT,Georgia,322,5.3,24.5,28,102,8.35,5.05,St. Louis Rams / 6th / 190th pick / 2007
Joe Staley,OT,Central Michigan,306,4.79,,27,,,,San Francisco 49ers / 1st / 28th pick / 2007
Herb Taylor,OT,TCU,296,5.19,27,26,100,7.78,4.64,
Joe Thomas,OT,Wisconsin,311,4.92,33,28,110,7.95,4.88,Cleveland Browns / 1st / 3rd pick / 2007
Tony Ugoh,OT,Arkansas,301,5.06,32.5,32,117,,,Indianapolis Colts / 2nd / 42nd pick / 2007
Dane Uperesa,OT,Hawaii,309,5.28,,,,,,
Elliot Vallejo,OT,California-Davis,327,5.38,26,24,94,7.95,5.14,
Julius Wilson,OT,Ala-Birmingham,327,5.43,27,,103,8.33,5,
Marshal Yanda,OT,Florida State,307,5.15,,,,,,Baltimore Ravens / 3rd / 86th pick / 2007
Sam Baker,OT,USC,309,5.5,,28,,,,Atlanta Falcons / 1st / 21st pick / 2008
Kirk Barton,OT,Ohio State,310,5.01,,34,,,,Chicago Bears / 7th / 247th pick / 2008
Demetress Bell,OT,Michigan State,303,5.18,26.5,9,109,7.65,4.65,Buffalo Bills / 7th / 219th pick / 2008
Duane Brown,OT,Virginia Tech,315,5.07,27.5,24,105,7.58,4.52,Houston Texans / 1st / 26th pick / 2008
Gosder Cherilus,OT,Boston Col.,314,5.14,23,24,102,7.6,4.82,Detroit Lions / 1st / 17th pick / 2008
Ryan Clady,OT,Boise State,309,5.18,,24,,,,Denver Broncos / 1st / 12th pick / 2008
Corey Clark,OT,Texas A&M,315,5.28,23,23,106,7.47,4.68,San Diego Chargers / 7th / 234th pick / 2008
Devin Clark,OT,New Mexico,305,5.3,21,25,95,8.38,5.03,
Anthony Collins,OT,Kansas,317,5.54,22.5,26,97,7.71,4.87,Cincinnati Bengals / 4th / 112th pick / 2008
Oniel Cousins,OT,Texas-El Paso,308,5.11,24.5,23,107,7.9,4.8,Baltimore Ravens / 3rd / 99th pick / 2008
Franklin Dunbar,OT,Middle Tennessee State,327,5.58,24.5,27,101,8.36,5.18,
King Dunlap,OT,Auburn,310,5.28,,21,,,,Philadelphia Eagles / 7th / 230th pick / 2008
Breno Giacomini,OT,Louisville,303,5.2,22.5,23,108,7.56,4.63,Green Bay Packers / 5th / 150th pick / 2008
John Greco,OT,Toledo,305,5.29,26,30,108,8.03,4.82,St. Louis Rams / 3rd / 65th pick / 2008
David Hale,OT,Weber State,314,5.27,26,25,100,7.69,4.75,Baltimore Ravens / 4th / 133rd pick / 2008
Tony Hills,OT,Texas,309,5.16,,,,,,Pittsburgh Steelers / 4th / 130th pick / 2008
Brandon Keith,OT,New Mexico,343,5.27,26,31,,,,Arizona Cardinals / 7th / 225th pick / 2008
Jake Long,OT,Michigan,313,5.22,27.5,37,102,7.44,4.73,Miami Dolphins / 1st / 1st pick / 2008
Carl Nicks,OT,Nebraska,341,5.22,25.5,31,109,7.91,4.68,New Orleans Saints / 5th / 164th pick / 2008
Jeff Otah,OT,Pittsburgh,322,5.55,22.5,27,102,,,Carolina Panthers / 1st / 19th pick / 2008
Tyler Polumbus,OT,Colorado,312,5.3,26,24,112,7.71,4.86,
Barry Richardson,OT,Clemson,320,5.45,25.5,24,100,8,5.16,Kansas City Chiefs / 6th / 170th pick / 2008
William Robinson,OT,San Diego State,297,5.23,19.5,22,,,,
Geoff Schwartz,OT,Oregon,332,5.36,20.5,,98,7.9,4.79,Carolina Panthers / 7th / 241st pick / 2008
Pedro Sosa,OT,Rutgers,300,5.29,,19,,,,
Chris Williams,OT,Vanderbilt,315,5.13,25,21,103,7.95,4.85,Chicago Bears / 1st / 14th pick / 2008
Jeremy Zuttah,OT,Rutgers,303,4.99,26.5,35,107,7.59,4.54,Tampa Bay Buccaneers / 3rd / 83rd pick / 2008
Will Beatty,OT,Connecticut,307,5.06,33.5,27,107,7.62,4.77,New York Giants / 2nd / 60th pick / 2009
Joel Bell,OT,Furman,315,5.11,30,27,109,7.55,4.57,
Alex Boone,OT,Ohio State,328,5.16,27.5,33,103,7.83,4.69,
Robert Brewster,OT,Ball State,325,5.29,30.5,23,98,7.68,4.75,Dallas Cowboys / 3rd / 75th pick / 2009
Eben Britton,OT,Arizona,309,5.14,28.5,24,100,7.87,4.91,Jacksonville Jaguars / 2nd / 39th pick / 2009
Gerald Cadogan,OT,Penn State,309,4.99,25,26,95,8.05,4.8,
Ramon Foster,OT,Tennessee,328,5.57,26,20,92,7.96,4.98,
Xavier Fulton,OT,Illinois,302,5.01,31,27,111,7.35,4.56,Tampa Bay Buccaneers / 5th / 155th pick / 2009
Andrew Gardner,OT,Georgia Tech,304,4.96,,,,,,Miami Dolphins / 6th / 181st pick / 2009
Troy Kropog,OT,Tulane,309,5.3,30,21,100,7.65,4.84,Tennessee Titans / 4th / 135th pick / 2009
Cornelius Lewis,OT,Tennessee State,332,5.22,24.5,29,90,,,
Kyle Link,OT,McNeese State,305,5.45,,19,,,,
Phil Loadholt,OT,Oklahoma,332,5.45,29,24,95,8.18,5.06,Minnesota Vikings / 2nd / 54th pick / 2009
Ryan McKee,OT,Southern Miss,296,5.03,,,,,,
Jamon Meredith,OT,South Carolina,304,4.99,28,31,105,8.01,4.82,Green Bay Packers / 5th / 162nd pick / 2009
Eugene Monroe,OT,Virginia,309,5.18,28.5,23,110,7.86,4.78,Jacksonville Jaguars / 1st / 8th pick / 2009
Lydon Murtha,OT,Nebraska,306,4.82,35,25,110,7.06,4.34,Detroit Lions / 7th / 228th pick / 2009
Michael Oher,OT,Mississippi,309,5.16,30.5,21,103,7.81,4.6,Baltimore Ravens / 1st / 23rd pick / 2009
Augustus Parrish,OT,Kent State,302,5.29,,21,78,,,
Garrett Reynolds,OT,North Carolina,309,5.32,22,19,94,7.87,4.88,Atlanta Falcons / 5th / 156th pick / 2009
Andre Smith,OT,Alabama,332,5.28,,,,,,Cincinnati Bengals / 1st / 6th pick / 2009
Jason Smith,OT,Baylor,309,5.09,24,33,96,7.53,4.69,St. Louis Rams / 1st / 2nd pick / 2009
Fenuki Tupou,OT,Oregon,314,5.2,25.5,24,94,8.33,5.02,Philadelphia Eagles / 5th / 159th pick / 2009
Jose Valdez,OT,Arkansas,315,5.16,29.5,15,100,7.93,4.93,
Jason Watkins,OT,Florida,318,5.51,24.5,18,90,7.89,5.03,
Charles Brown,OT,USC,303,5.21,31.5,21,,,,New Orleans Saints / 2nd / 64th pick / 2010
Bryan Bulaga,OT,Iowa,314,5.2,27.5,26,98,7.7,4.75,Green Bay Packers / 1st / 23rd pick / 2010
Kyle Calloway,OT,Iowa,323,5.46,23.5,22,92,7.96,4.86,Buffalo Bills / 7th / 216th pick / 2010
Bruce Campbell,OT,Maryland,314,4.75,32,34,101,7.58,4.69,Oakland Raiders / 4th / 106th pick / 2010
Selvish Capers,OT,West Virginia,308,5.11,30.5,19,106,7.68,4.68,Washington Redskins / 7th / 231st pick / 2010
Anthony Davis,OT,Rutgers,323,5.36,33,21,99,8.17,4.97,San Francisco 49ers / 1st / 11th pick / 2010
Vladimir Ducasse,OT,Massachusetts,332,5.21,26,29,91,8.25,4.97,New York Jets / 2nd / 61st pick / 2010
Jason Fox,OT,Miami (FL),303,5.45,,23,,,,Detroit Lions / 4th / 128th pick / 2010
John Jerry,OT,Mississippi,328,5.15,27.5,,101,7.93,4.69,Miami Dolphins / 3rd / 73rd pick / 2010
Kyle Jolly,OT,North Carolina,311,5.36,21.5,20,89,7.89,4.87,
Matt Kopa,OT,Stanford,300,5.14,,,,,,
Russell Okung,OT,Oklahoma State,307,5.18,,38,,,,Seattle Seahawks / 1st / 6th pick / 2010
Cole Pemberton,OT,Colorado State,315,5.37,22.5,18,96,7.65,4.77,
Rodger Saffold,OT,Indiana,316,5.21,29.5,27,113,7.42,4.67,St. Louis Rams / 2nd / 33rd pick / 2010
Jared Veldheer,OT,Hillsdale,312,5.06,33.5,32,109,7.4,4.51,Oakland Raiders / 3rd / 69th pick / 2010
Ed Wang,OT,Virginia Tech,314,5.18,27,29,96,,4.7,Buffalo Bills / 5th / 140th pick / 2010
Tony Washington,OT,Appalachian State,311,5.25,29.5,33,114,7.52,4.84,
Thomas Welch,OT,Vanderbilt,307,5.42,29,29,105,7.67,4.8,New England Patriots / 7th / 208th pick / 2010
Trent Williams,OT,Oklahoma,315,4.81,34.5,23,113,7.64,4.63,Washington Redskins / 1st / 4th pick / 2010
Sam Young,OT,Notre Dame,316,5.2,29.5,29,104,7.73,4.87,Dallas Cowboys / 6th / 179th pick / 2010
Joe Barksdale,OT,LSU,325,5.31,29,29,103,8.27,4.75,Oakland Raiders / 3rd / 92nd pick / 2011
James Brewer,OT,Indiana,323,5.21,26,25,100,7.84,4.81,New York Giants / 4th / 117th pick / 2011
Marcus Cannon,OT,TCU,358,5.26,30.5,33,105,8.07,4.97,New England Patriots / 5th / 138th pick / 2011
Gabe Carimi,OT,Wisconsin,314,5.18,31.5,29,109,,,Chicago Bears / 1st / 29th pick / 2011
James Carpenter,OT,Alabama,321,5.22,,23,,,,Seattle Seahawks / 1st / 25th pick / 2011
Anthony Castonzo,OT,Boston Col.,311,5.21,29.5,28,105,7.25,4.4,Indianapolis Colts / 1st / 22nd pick / 2011
Josh Davis,OT,Georgia,313,5.5,24,,91,7.98,5.07,
Orlando Franklin,OT,Miami (FL),316,5.11,28.5,26,,,,Denver Broncos / 2nd / 46th pick / 2011
Marcus Gilbert,OT,Florida,330,5.41,,30,,,,Pittsburgh Steelers / 2nd / 63rd pick / 2011
Adam Grant,OT,Arizona,325,5.54,26.5,25,99,8.25,5,
Chris Hairston,OT,Clemson,326,5.38,29,33,96,7.9,4.7,Buffalo Bills / 4th / 122nd pick / 2011
Kyle Hix,OT,Texas,319,5.44,32,24,104,7.77,4.78,
Kevin Hughes,OT,SE Louisiana,302,5.31,29.5,22,95,8.29,4.97,
Jarriel King,OT,South Carolina,317,5.03,30,23,114,7.6,4.77,
Rich Lapham,OT,Boston Col.,315,5.34,,,,,,
DeMarcus Love,OT,Arkansas,315,5.18,26.5,27,97,7.84,4.84,Minnesota Vikings / 6th / 168th pick / 2011
Derek Newton,OT,Arkansas State,311,5,25.5,24,100,7.76,5,Houston Texans / 7th / 214th pick / 2011
Jason Pinkston,OT,Pittsburgh,317,5.39,26.5,,98,7.88,4.91,Cleveland Browns / 5th / 150th pick / 2011
Jah Reid,OT,Central Florida,327,5.32,29.5,28,111,7.73,4.65,Baltimore Ravens / 3rd / 85th pick / 2011
Derek Sherrod,OT,Mississippi State,321,5.18,28,23,97,7.43,4.63,Green Bay Packers / 1st / 32nd pick / 2011
Tyron Smith,OT,USC,307,4.93,,29,,,,Dallas Cowboys / 1st / 9th pick / 2011
Willie Smith,OT,East Carolina,310,5.4,30.5,,106,7.95,4.83,
Nate Solder,OT,Colorado,319,4.96,32,21,110,7.44,4.34,New England Patriots / 1st / 17th pick / 2011
Lee Ziemba,OT,Auburn,317,5.5,29,20,95,7.74,4.65,Carolina Panthers / 7th / 244th pick / 2011
Mike Adams,OT,Ohio State,323,5.28,28.5,19,100,7.94,4.95,Pittsburgh Steelers / 2nd / 56th pick / 2012
Jeff Allen,OT,Illinois,307,5.17,27.5,26,102,8.01,4.9,Kansas City Chiefs / 2nd / 44th pick / 2012
Justin Anderson,OT,Georgia,335,5.24,27,32,101,8.04,4.99,Indianapolis Colts / 7th / 208th pick / 2012
Tony Bergstrom,OT,Utah,313,5.19,29.5,32,101,7.95,4.84,Oakland Raiders / 3rd / 95th pick / 2012
Tom Compton,OT,South Dakota,314,5.01,30,20,108,7.59,4.6,Washington Redskins / 6th / 193rd pick / 2012
Paul Cornick,OT,North Dakota State,310,5.3,,25,,,,
John Cullen,OT,Utah,297,5.28,27,23,102,7.58,4.59,
Andrew Datko,OT,Florida State,315,5.19,29.5,,100,7.71,4.54,Green Bay Packers / 7th / 241st pick / 2012
Taylor Dever,OT,Notre Dame,298,5.4,28,18,100,7.49,4.9,
Cordy Glenn,OT,Georgia,345,5.08,23.5,31,93,8.13,5,Buffalo Bills / 2nd / 41st pick / 2012
Lamar Holmes,OT,Southern Miss,323,5.29,27,22,104,7.74,4.8,Atlanta Falcons / 3rd / 91st pick / 2012
Marcel Jones,OT,Nebraska,320,5.57,27.5,13,95,8.03,5.12,New Orleans Saints / 7th / 234th pick / 2012
Matt Kalil,OT,USC,306,4.96,27,30,,7.33,4.65,Minnesota Vikings / 1st / 4th pick / 2012
Jonathan Martin,OT,Stanford,312,5.27,,,,,,Miami Dolphins / 2nd / 42nd pick / 2012
Bobby Massie,OT,Mississippi,316,5.18,27.5,22,103,7.7,4.95,Arizona Cardinals / 4th / 112th pick / 2012
Matt McCants,OT,Ala-Birmingham,308,5.4,25.5,17,97,,,New York Giants / 6th / 201st pick / 2012
Brandon Mosley,OT,Auburn,314,5.14,27,30,103,7.43,4.78,New York Giants / 4th / 131st pick / 2012
Josh Oglesby,OT,Virginia Tech,338,5.75,28.5,22,,,,
Kelechi Osemele,OT,Iowa State,333,5.22,26.5,32,104,7.91,4.87,Baltimore Ravens / 2nd / 60th pick / 2012
Nate Potter,OT,Boise State,303,5.26,28.5,22,100,7.49,4.67,Arizona Cardinals / 7th / 221st pick / 2012
Riley Reiff,OT,Iowa,313,5.16,26.5,23,98,7.87,4.75,Detroit Lions / 1st / 23rd pick / 2012
Matt Reynolds,OT,BYU,302,5.27,,25,,,,
Zebrie Sanders,OT,Florida State,320,5.33,27,28,100,8.15,4.99,Buffalo Bills / 5th / 144th pick / 2012
Mitchell Schwartz,OT,California,318,5.38,26.5,23,89,7.86,4.87,Cleveland Browns / 2nd / 37th pick / 2012
Donald Stephenson,OT,Oklahoma,312,4.94,35.5,19,114,7.52,4.78,Kansas City Chiefs / 3rd / 74th pick / 2012
Dustin Waldron,OT,Portland State,305,5.23,26,29,103,7.93,4.75,
Markus Zusevics,OT,Iowa,303,5.08,,,,,,
Oday Aboushi,OT,Virginia,308,5.41,23.5,17,100,7.92,4.84,New York Jets / 5th / 141st pick / 2013
Terron Armstead,OT,Ark-Pine Bluff,306,4.71,34.5,31,112,7.62,4.72,New Orleans Saints / 3rd / 75th pick / 2013
David Bakhtiari,OT,Colorado,299,5.18,25.5,28,101,7.7,4.74,Green Bay Packers / 4th / 109th pick / 2013
Nick Becton,OT,Virginia Tech,323,5.2,29.5,19,109,7.77,4.57,
Braden Brown,OT,BYU,310,5.2,28,26,100,7.43,4.7,
Emmett Cleary,OT,Boston Col.,316,5.21,28.5,24,108,7.81,4.7,
Jordan Devey,OT,Memphis,317,5.25,24,21,98,7.91,4.77,
Chris Faulk,OT,LSU,331,5.08,,25,,,,
Eric Fisher,OT,Central Michigan,306,5.05,28.5,27,116,7.59,4.44,Kansas City Chiefs / 1st / 1st pick / 2013
D.J. Fluker,OT,Alabama,339,5.31,,21,,,,San Diego Chargers / 1st / 11th pick / 2013
Reid Fragel,OT,Ohio State,308,5.14,30,33,113,7.62,4.68,Cincinnati Bengals / 7th / 240th pick / 2013
Rogers Gaines,OT,Tennessee State,334,5.24,23,28,,,5.24,
Garrett Gilkey,OT,Chadron State,318,5.29,30,28,108,7.65,4.75,Cleveland Browns / 7th / 227th pick / 2013
Tanner Hawkinson,OT,Kansas,298,5.07,28.5,,112,7.52,4.51,Cincinnati Bengals / 5th / 156th pick / 2013
Luke Joeckel,OT,Texas A&M,306,5.3,28.5,27,106,7.4,4.68,Jacksonville Jaguars / 1st / 2nd pick / 2013
Lane Johnson,OT,Oklahoma,303,4.72,34,28,118,7.31,4.52,Philadelphia Eagles / 1st / 4th pick / 2013
Oscar Johnson,OT,Louisiana Tech,331,5.49,22,,88,8.06,5.06,
Luke Marquardt,OT,Azusa Pacific,315,5.34,,31,,,,
Jordan Mills,OT,Louisiana Tech,316,5.37,28.5,20,101,8.1,4.88,Chicago Bears / 5th / 163rd pick / 2013
Xavier Nixon,OT,Florida,321,5.23,,,,,,
Vinston Painter,OT,Virginia Tech,306,4.95,30.5,32,97,7.71,4.56,Denver Broncos / 6th / 173rd pick / 2013
Justin Pugh,OT,Syracuse,307,5.12,28.5,,103,7.45,4.63,New York Giants / 1st / 19th pick / 2013
David Quessenberry,OT,San Jose State,302,5.08,29.5,25,112,7.49,4.45,Houston Texans / 6th / 176th pick / 2013
Dallas Thomas,OT,Tennessee,306,5.08,,,,,,Miami Dolphins / 3rd / 77th pick / 2013
Ricky Wagner,OT,Wisconsin,308,5.17,31.5,20,101,7.94,4.91,Baltimore Ravens / 5th / 168th pick / 2013
Menelik Watson,OT,Florida State,310,5.29,24.5,,103,8.31,5.01,Oakland Raiders / 2nd / 42nd pick / 2013
Jason Weaver,OT,Southern Miss,313,5.44,21,23,94,8.23,5.07,
John Wetzel,OT,Boston Col.,315,5.46,25,22,105,7.9,4.81,
Brennan Williams,OT,North Carolina,318,5.27,,,,,,Houston Texans / 3rd / 89th pick / 2013
Jamon Brown,OT,Louisville,323,5.08,,,,,,St. Louis Rams / 3rd / 72nd pick / 2015
Cameron Clear,OT,Texas A&M,277,4.98,32,,108,7.52,4.48,
T.J. Clemmings,OT,Pittsburgh,309,5.14,32.5,22,111,7.68,4.54,Minnesota Vikings / 4th / 110th pick / 2015
Takoby Cofield,OT,Duke,310,5.19,30,23,101,8.09,4.79,
La'el Collins,OT,LSU,305,5.1,27,21,108,7.7,4.63,
Rob Crisp,OT,Boise State,301,5.26,32.5,26,107,8.07,4.6,
Andrew Donnal,OT,Iowa,313,5.31,32,17,101,7.84,4.77,St. Louis Rams / 4th / 119th pick / 2015
Jake Fisher,OT,Oregon,306,5.01,32.5,25,,7.25,4.33,Cincinnati Bengals / 2nd / 53rd pick / 2015
Ereck Flowers,OT,Miami (FL),329,5.31,,37,,,,New York Giants / 1st / 9th pick / 2015
Laurence Gibson,OT,Virginia Tech,305,5.04,33.5,24,113,7.72,4.56,Dallas Cowboys / 7th / 243rd pick / 2015
Chaz Green,OT,Florida,314,5.16,29.5,21,106,8,4.7,Dallas Cowboys / 3rd / 91st pick / 2015
Rob Havenstein,OT,Wisconsin,321,5.46,28.5,16,96,8.28,4.87,St. Louis Rams / 2nd / 57th pick / 2015
Sean Hickey,OT,Syracuse,309,5.39,,35,,,,
D.J. Humphries,OT,Florida,307,5.12,31,26,104,7.87,4.64,Arizona Cardinals / 1st / 24th pick / 2015
Darrian Miller,OT,Kentucky,307,5.51,25,,97,7.91,4.87,
Cedric Ogbuehi,OT,Texas A&M,306,4.98,,23,,,,Cincinnati Bengals / 1st / 21st pick / 2015
Andrus Peat,OT,Stanford,313,5.18,31,,105,8.01,4.62,New Orleans Saints / 1st / 13th pick / 2015
Terry Poole,OT,San Diego State,307,5.09,31,25,113,7.9,4.66,Seattle Seahawks / 4th / 130th pick / 2015
Corey Robinson,OT,South Carolina,324,5.34,,28,,,,Detroit Lions / 7th / 240th pick / 2015
Ty Sambrailo,OT,Colorado State,311,5.36,29,23,97,7.54,4.58,Denver Broncos / 2nd / 59th pick / 2015
Brandon Scherff,OT,Iowa,319,5.05,,23,,,,Washington Redskins / 1st / 5th pick / 2015
Austin Shepherd,OT,Alabama,315,5.39,29,17,94,8.04,4.7,Minnesota Vikings / 7th / 228th pick / 2015
Donovan Smith,OT,Penn State,338,5.27,32,26,109,7.95,4.79,Tampa Bay Buccaneers / 2nd / 34th pick / 2015
Tyrus Thompson,OT,Oklahoma,324,5.35,29,29,97,,4.92,Minnesota Vikings / 6th / 185th pick / 2015
Daryl Williams,OT,Oklahoma,327,5.34,26,27,97,,5.15,Carolina Panthers / 4th / 102nd pick / 2015
Vadal Alexander,OT,LSU,326,5.57,24,25,95,8.04,4.9,Oakland Raiders / 7th / 234th pick / 2016
Willie Beavers,OT,West. Michigan,321,5.28,25.5,20,103,7.96,4.71,Minnesota Vikings / 4th / 121st pick / 2016
Caleb Benenoch,OT,UCLA,311,4.98,28,,104,8.15,5.11,Tampa Bay Buccaneers / 5th / 148th pick / 2016
Le'Raven Clark,OT,Texas Tech,316,5.16,,18,,,,Indianapolis Colts / 3rd / 82nd pick / 2016
Shon Coleman,OT,Auburn,307,5.18,,22,,,,Cleveland Browns / 3rd / 76th pick / 2016
Jack Conklin,OT,Michigan State,308,5,30,25,103,7.63,4.57,Tennessee Titans / 1st / 8th pick / 2016
Fahn Cooper,OT,Mississippi,303,5.17,25,19,102,7.85,4.89,San Francisco 49ers / 5th / 174th pick / 2016
Joe Dahl,OT,Washington State,304,5.18,31,28,109,7.64,4.77,Detroit Lions / 5th / 151st pick / 2016
Taylor Decker,OT,Ohio State,310,5.23,29,20,101,7.7,4.76,Detroit Lions / 1st / 16th pick / 2016
Spencer Drango,OT,Baylor,315,5.27,27,30,100,7.88,4.66,Cleveland Browns / 5th / 168th pick / 2016
Parker Ehinger,OT,Cincinnati,310,5.26,27.5,,97,,,Kansas City Chiefs / 4th / 105th pick / 2016
Joe Haeg,OT,North Dakota State,304,5.16,27.5,,111,7.47,4.47,Indianapolis Colts / 5th / 155th pick / 2016
Jerald Hawkins,OT,LSU,305,5.23,23.5,23,100,8.19,4.89,Pittsburgh Steelers / 4th / 123rd pick / 2016
Germain Ifedi,OT,Texas A&M,324,5.27,32.5,24,109,,4.75,Seattle Seahawks / 1st / 31st pick / 2016
Dominick Jackson,OT,Alabama,313,5.38,26,20,97,,,
Tyler Johnstone,OT,Oregon,301,5.21,30.5,24,104,7.31,4.6,
Denver Kirkland,OT,Arkansas,335,5.55,22.5,19,94,8.72,5.06,
Alex Lewis,OT,Nebraska,312,5.22,29.5,27,100,7.94,4.72,Baltimore Ravens / 4th / 130th pick / 2016
Tyler Marz,OT,Wisconsin,316,5.54,27.5,19,99,8.38,4.97,
Kyle Murphy,OT,Stanford,305,5.19,,23,,,,Green Bay Packers / 6th / 200th pick / 2016
Stephane Nembot,OT,Colorado,322,5.39,26.5,32,103,8.55,5.15,
Rees Odhiambo,OT,Boise State,314,5.17,,23,,,,Seattle Seahawks / 3rd / 97th pick / 2016
Dominique Robertson,OT,West Georgia,324,5.36,28.5,30,100,8.42,4.83,
Brandon Shell,OT,South Carolina,324,5.22,30.5,22,112,,,New York Jets / 5th / 158th pick / 2016
Pearce Slater,OT,San Diego State,329,5.42,23,17,92,8.36,5.12,
Jason Spriggs,OT,Indiana,301,4.94,31.5,31,115,7.7,4.44,Green Bay Packers / 2nd / 48th pick / 2016
Ronnie Stanley,OT,Notre Dame,312,5.2,28.5,,,8.03,4.9,Baltimore Ravens / 1st / 6th pick / 2016
John Theus,OT,Georgia,313,5.22,28,,103,7.9,4.78,San Francisco 49ers / 5th / 145th pick / 2016
Joe Thuney,OT,North Carolina State,304,4.95,28.5,28,110,7.47,4.54,New England Patriots / 3rd / 78th pick / 2016
Cole Toner,OT,Harvard,306,5.32,26,22,103,7.88,4.59,Arizona Cardinals / 5th / 170th pick / 2016
Laremy Tunsil,OT,Mississippi,310,5.23,,,,,,Miami Dolphins / 1st / 13th pick / 2016
Halapoulivaati Vaitai,OT,TCU,320,5.26,29,23,113,8.26,5,Philadelphia Eagles / 5th / 164th pick / 2016
Cody Whitehair,OT,Kansas State,301,5.02,25.5,16,110,7.32,4.58,Chicago Bears / 2nd / 56th pick / 2016
Avery Young,OT,Auburn,328,5.39,,,,8.22,4.91,
Adam Bisnowaty,OT,Pittsburgh,304,5.23,29.5,23,96,8.02,4.94,New York Giants / 6th / 200th pick / 2017
Garrett Bolles,OT,Utah,297,4.95,28,,115,7.29,4.55,Denver Broncos / 1st / 20th pick / 2017
Daniel Brunskill,OT,San Diego State,273,,28,17,106,7.9,4.84,
Collin Buchanan,OT,Miami (OH),316,,25,23,97,,,
Julien Davenport,OT,Bucknell,318,5.45,27,18,106,7.57,4.69,
J.J. Dielman,OT,Utah,309,,,27,,,,Cincinnati Bengals / 5th / 176th pick / 2017
Antonio Garcia,OT,Troy,302,5.15,31,24,108,7.98,4.94,New England Patriots / 3rd / 85th pick / 2017
Will Holden,OT,Vanderbilt,311,5.47,28,23,111,7.71,4.72,Arizona Cardinals / 5th / 157th pick / 2017
Roderick Johnson,OT,Florida State,298,,,,,,,Cleveland Browns / 5th / 160th pick / 2017
Javarius Leamon,OT,South Carolina State,332,,23.5,22,,,,
Conor McDermott,OT,UCLA,307,5.18,28.5,,105,7.52,4.58,New England Patriots / 6th / 211th pick / 2017
Taylor Moton,OT,West. Michigan,319,5.18,30.5,23,109,7.73,4.58,Carolina Panthers / 2nd / 64th pick / 2017
Ryan Ramczyk,OT,Wisconsin,310,,,25,,,,New Orleans Saints / 1st / 32nd pick / 2017
Cam Robinson,OT,Alabama,322,5.15,26,,106,7.81,4.82,Jacksonville Jaguars / 2nd / 34th pick / 2017
Justin Senior,OT,Mississippi State,331,5.55,23,,98,8.19,5.06,Seattle Seahawks / 6th / 210th pick / 2017
David Sharpe,OT,Florida,343,5.44,20.5,19,97,7.87,4.78,Oakland Raiders / 4th / 129th pick / 2017
Dan Skipper,OT,Arkansas,309,5.42,26,,97,7.61,5.01,
Sam Tevi,OT,Utah,311,5.27,26,15,107,7.84,4.6,Los Angeles Chargers / 6th / 190th pick / 2017
Jerry Ugokwe,OT,William & Mary,321,5.61,26,18,103,8.35,5.17,
Chad Wheeler,OT,USC,306,5.48,20.5,15,105,,5.01,
David Bright,OT,Stanford,307,,,,,,,
Orlando Brown,OT,Oklahoma,345,5.85,19.5,14,82,7.87,5.38,Baltimore Ravens / 3rd / 83rd pick / 2018
Alex Cappa,OT,Humboldt State,305,5.39,26.5,24,97,8.04,4.84,Tampa Bay Buccaneers / 3rd / 94th pick / 2018
Geron Christian,OT,Louisville,298,5.33,,19,,,,Washington Redskins / 3rd / 74th pick / 2018
Tyrell Crosby,OT,Oregon,309,5.23,30,17,105,7.89,4.77,Detroit Lions / 5th / 153rd pick / 2018
Nick Gates,OT,Nebraska,307,5.46,24,20,94,7.61,4.68,
Desmond Harrison,OT,West Georgia,292,4.9,,,,,,
Jamarco Jones,OT,Ohio State,299,5.5,24,,102,8.32,4.99,Seattle Seahawks / 5th / 168th pick / 2018
Jaryd Jones-Smith,OT,Pittsburgh,317,5.22,27,16,109,8.1,4.94,
Rick Leonard,OT,Florida State,311,,,19,,,,New Orleans Saints / 4th / 127th pick / 2018
Mike McGlinchey,OT,Notre Dame,309,,28.5,24,105,,,San Francisco 49ers / 1st / 9th pick / 2018
Kolton Miller,OT,UCLA,309,4.95,31.5,24,121,7.34,4.49,Oakland Raiders / 1st / 15th pick / 2018
Joseph Noteboom,OT,TCU,309,4.96,24,27,102,7.65,4.44,Los Angeles Rams / 3rd / 89th pick / 2018
Brian O'neill,OT,Pittsburgh,297,4.82,29.5,22,107,7.14,4.5,Minnesota Vikings / 2nd / 62nd pick / 2018
Chukwuma Okorafor,OT,West. Michigan,320,5.31,23.5,19,102,7.87,4.8,Pittsburgh Steelers / 3rd / 92nd pick / 2018
Brandon Parker,OT,North Carolina A&T,305,5.4,28.5,,113,7.82,4.68,Oakland Raiders / 3rd / 65th pick / 2018
Timon Parris,OT,Stony Brook,312,,,27,,,,
Will Richardson,OT,North Carolina State,306,5.26,31.5,,108,7.8,4.83,Jacksonville Jaguars / 4th / 129th pick / 2018
Greg Senat,OT,Wagner,302,5.38,26,19,106,7.41,4.71,Baltimore Ravens / 6th / 212th pick / 2018
Rod Taylor,OT,Mississippi,320,5.24,30.5,,99,,,Cincinnati Bengals / 7th / 252nd pick / 2018
Brett Toth,OT,Army,291,,,,,,,
Toby Weathersby,OT,LSU,317,5.34,24.5,28,106,8.55,5.38,
Connor Williams,OT,Texas,296,5.05,34,26,112,7.83,4.63,Dallas Cowboys / 2nd / 50th pick / 2018
Paul Adams,OT,Missouri,317,5.18,27,16,103,7.68,4.74,
Jackson Barton,OT,Utah,310,5.18,27,25,109,7.85,4.66,Indianapolis Colts / 7th / 240th pick / 2019
Yodny Cajuste,OT,West Virginia,312,,,32,,,,New England Patriots / 3rd / 101st pick / 2019
Dennis Daley,OT,South Carolina,317,5.23,26.5,20,103,7.95,4.92,Carolina Panthers / 6th / 212th pick / 2019
Andre Dillard,OT,Washington State,315,4.96,29,24,118,7.44,4.4,Philadelphia Eagles / 1st / 22nd pick / 2019
Chuma Edoga,OT,USC,308,5.19,,21,,,,New York Jets / 3rd / 92nd pick / 2019
David Edwards,OT,Wisconsin,308,5.28,25.5,,99,7.69,4.77,Los Angeles Rams / 5th / 169th pick / 2019
Bobby Evans,OT,Oklahoma,312,5.2,,22,,,,Los Angeles Rams / 3rd / 97th pick / 2019
Cody Ford,OT,Oklahoma,329,5.21,28.5,19,104,8.27,4.87,Buffalo Bills / 2nd / 38th pick / 2019
Derwin Gray,OT,Maryland,320,5.26,,26,90,,,Pittsburgh Steelers / 7th / 219th pick / 2019
Donnell Greene,OT,Minnesota,335,,,,,,,
Tytus Howard,OT,Alabama State,322,5.05,29.5,21,103,8.34,4.87,Houston Texans / 1st / 23rd pick / 2019
Mitch Hyatt,OT,Clemson,303,,25.5,28,102,7.72,4.52,
Andre James,OT,UCLA,299,5.32,29,21,105,8,4.84,
Devon Johnson,OT,Ferris State,338,5.16,27.5,26,89,8.34,5.28,
Tyler Jones,OT,North Carolina State,306,,31.5,23,111,7.75,4.82,
Michael Jordan,OT,Ohio State,312,5.27,32.5,19,116,7.71,4.71,Cincinnati Bengals / 4th / 136th pick / 2019
Brandon Knight,OT,Indiana,314,,,,,,,
Greg Little,OT,Mississippi,310,5.33,25,,113,,4.74,Carolina Panthers / 2nd / 37th pick / 2019
Kaleb McGary,OT,Washington,317,5.05,33.5,23,111,7.66,4.58,Atlanta Falcons / 1st / 31st pick / 2019
Joshua Miles,OT,Morgan State,314,5.32,36,,109,8.07,4.75,Arizona Cardinals / 7th / 248th pick / 2019
Yosh Nijman,OT,Virginia Tech,324,,,27,114,8.07,4.5,
Ross Pierschbacher,OT,Alabama,307,5.2,22.5,20,,7.83,4.7,Washington Redskins / 5th / 153rd pick / 2019
Trey Pipkins,OT,Sioux Falls,309,5.12,33.5,16,114,7.61,4.7,Los Angeles Chargers / 3rd / 91st pick / 2019
Ryan Pope,OT,San Diego State,320,,,25,,,,
Isaiah Prince,OT,Ohio State,305,5.09,27,23,115,7.9,5.02,Miami Dolphins / 6th / 202nd pick / 2019
Dalton Risner,OT,Kansas State,312,5.3,28.5,23,110,7.69,4.52,Denver Broncos / 2nd / 41st pick / 2019
Tyler Roemer,OT,San Diego State,312,5.21,30.5,18,108,7.75,4.76,
Dru Samia,OT,Oklahoma,305,5.29,27.5,28,101,7.89,4.7,Minnesota Vikings / 4th / 114th pick / 2019
Max Scharping,OT,Northern Illinois,327,,28,27,108,7.77,4.69,Houston Texans / 2nd / 55th pick / 2019
William Sweet,OT,North Carolina,313,5.27,30.5,23,111,8.01,5,
Jawaan Taylor,OT,Florida,312,,,24,,,,Jacksonville Jaguars / 2nd / 35th pick / 2019
Oli Udoh,OT,Elon,323,5.05,28.5,26,105,7.88,5.05,
Jonah Williams,OT,Alabama,302,5.12,28,23,100,8.01,4.79,Cincinnati Bengals / 1st / 11th pick / 2019
Jackson Carman,OT,Clemson,317,,,,,,,Cincinnati Bengals / 2nd / 46th pick / 2021
Parker Ferguson,OT,Air Force,306,5.19,31,24,105,7.75,4.9,
Walker Little,OT,Stanford,313,5.3,29.5,24,111,7.44,4.59,Jacksonville Jaguars / 2nd / 45th pick / 2021
Jaylon Moore,OT,West. Michigan,311,5.25,30,27,106,7.77,4.67,
Dillon Radunz,OT,North Dakota St.,301,5.16,32,24,112,7.27,4.57,Tennessee Titans / 2nd / 53rd pick / 2021
Landon Young,OT,Kentucky,310,5,30.5,34,108,7.7,4.89,New Orleans Saints / 6th / 206th pick / 2021
Charles Cross,OT,Mississippi St.,307,4.95,26,,112,7.88,4.61,Seattle Seahawks / 1st / 9th pick / 2022
Myron Cunningham,OT,Arkansas,320,5.38,20,,98,8.5,5.16,
Austin Deculus,OT,LSU,321,5.08,28.5,,109,,4.99,Houston Texans / 6th / 205th pick / 2022
Kellen Diesch,OT,Arizona St.,301,4.89,32.5,,110,7.77,4.43,
Ikem Ekwonu,OT,North Carolina St.,310,4.93,29,,108,7.82,4.73,Carolina Panthers / 1st / 6th pick / 2022
Obinna Eze,OT,TCU,321,5.17,27.5,18,104,8.2,5.08,
Daniel Faalele,OT,Minnesota,384,,,24,,,,Baltimore Ravens / 4th / 110th pick / 2022
Braxton Jones,OT,Southern Utah St.,310,4.97,25.5,,108,,4.84,Chicago Bears / 5th / 168th pick / 2022
Vederian Lowe,OT,Illinois,314,5.22,25.5,,99,7.83,4.71,Minnesota Vikings / 6th / 184th pick / 2022
Abraham Lucas,OT,Washington St.,315,4.92,27,24,107,7.25,4.4,Seattle Seahawks / 3rd / 72nd pick / 2022
Max Mitchell,OT,Louisiana,307,5.32,25,,106,8.09,4.65,New York Jets / 4th / 111th pick / 2022
Thayer Munford,OT,Ohio St.,328,5.39,22,,104,,,Las Vegas Raiders / 7th / 238th pick / 2022
Evan Neal,OT,Alabama,337,,,,,,,New York Giants / 1st / 7th pick / 2022
Trevor Penning,OT,Northern Iowa,325,4.89,28,,111,7.25,4.62,New Orleans Saints / 1st / 19th pick / 2022
Nicholas Petit-Frere,OT,Ohio St.,316,5.14,24.5,,103,,,Tennessee Titans / 3rd / 69th pick / 2022
Bernhard Raimann,OT,Central Michigan,303,5.05,30.5,30,117,7.46,4.49,Indianapolis Colts / 3rd / 77th pick / 2022
Dare Rosenthal,OT,Kentucky,290,4.88,,,,,,
Andrew Rupcich,OT,Culver-Stockton College,318,5.31,27.5,,108,,,
Tyler Smith,OT,Tulsa,324,5.02,27.5,,105,7.78,4.65,Dallas Cowboys / 1st / 24th pick / 2022
Andrew Stueber,OT,Michigan,325,,24.5,,101,7.94,4.9,New England Patriots / 7th / 245th pick / 2022
Luke Tenuta,OT,Virginia Tech,319,5.41,26,,104,,4.77,Buffalo Bills / 6th / 209th pick / 2022
Matt Waletzko,OT,North Dakota,312,5.03,30,,113,,,Dallas Cowboys / 5th / 155th pick / 2022
Rasheed Walker,OT,Penn St.,313,,,,,,,Green Bay Packers / 7th / 249th pick / 2022
Nick Zakelj,OT,Fordham,316,5.13,28.5,27,110,7.75,4.71,San Francisco 49ers / 6th / 187th pick / 2022
Kyle Allamon,TE,Texas Tech,253,4.97,29,,104,7.29,4.49,
Anthony Becht,TE,West Virginia,270,4.78,33.5,,123,6.94,4.08,New York Jets / 1st / 27th pick / 2000
Casey Crawford,TE,Virginia,244,4.83,,18,,,,
Joe Dean Davenport,TE,Arkansas,268,5.06,30,13,108,7.33,4.67,
Zeron Flemister,TE,Iowa,249,4.72,37,14,116,6.92,4.16,
Bubba Franks,TE,Miami (FL),265,4.85,,,,,,Green Bay Packers / 1st / 14th pick / 2000
Jason Gavadza,TE,Kent State,249,4.62,32.5,22,113,7.15,4.3,Pittsburgh Steelers / 6th / 204th pick / 2000
John Jones,TE,Pittsburgh,248,4.63,38.5,13,125,7.33,4.43,
Erron Kinney,TE,Florida,272,4.9,,,,,,Tennessee Titans / 3rd / 68th pick / 2000
Terrence McCaskey,TE,Mississippi State,271,5,29,,101,,,
Carlos Nuno,TE,BYU,263,5.03,28,23,106,,,
Dave Stachelski,TE,Boise State,250,4.78,38,24,115,6.84,4.14,New England Patriots / 5th / 141st pick / 2000
Jay Tant,TE,Northwestern,255,4.75,,31,,,,Arizona Cardinals / 5th / 164th pick / 2000
James Whalen,TE,Kentucky,228,4.78,31,,110,7.42,4.22,Tampa Bay Buccaneers / 5th / 157th pick / 2000
Austin Wheatley,TE,Iowa,254,4.66,32.5,,121,6.97,4.18,New Orleans Saints / 5th / 158th pick / 2000
Billy Baber,TE,Virginia,255,4.76,33,22,106,7.12,4.19,Kansas City Chiefs / 5th / 141st pick / 2001
Sean Brewer,TE,San Jose State,255,4.73,36,14,117,7.37,4.18,Cincinnati Bengals / 3rd / 66th pick / 2001
Elliott Carson,TE,Vanderbilt,246,4.9,36,16,115,7.52,4.21,
Alge Crumpler,TE,North Carolina,266,4.76,34,22,112,7.38,4.43,Atlanta Falcons / 2nd / 35th pick / 2001
Dauntae' Finger,TE,North Carolina,262,5.09,33.5,15,103,7.95,4.59,Tampa Bay Buccaneers / 7th / 205th pick / 2001
Antoine Harris,TE,Louisville,260,4.93,,11,,,,
Todd Heap,TE,Arizona State,252,4.68,,,,,,Baltimore Ravens / 1st / 31st pick / 2001
Jabari Holloway,TE,Notre Dame,253,4.91,38.5,20,113,7.14,4.4,New England Patriots / 4th / 119th pick / 2001
Jevaris Johnson,TE,Georgia,257,4.9,,,,,,
Arther Love,TE,South Carolina State,236,4.75,36,24,,,,New England Patriots / 6th / 180th pick / 2001
Brandon Manumaleuna,TE,Arizona,275,4.99,30,,106,7.49,4.26,St. Louis Rams / 4th / 129th pick / 2001
Shad Meier,TE,Kansas State,256,4.85,34,20,113,7.14,4.15,Tennessee Titans / 3rd / 90th pick / 2001
Brian Natkin,TE,Texas-El Paso,251,4.95,27,20,98,7.78,4.59,
Dan O'Leary,TE,Notre Dame,252,5.02,32,16,113,7.4,4.31,Buffalo Bills / 6th / 195th pick / 2001
Ryan Prince,TE,Weber State,257,4.99,31,20,102,7.65,4.45,
Marcellus Rivers,TE,Oklahoma State,247,4.84,32.5,7,113,7.04,4.25,
Mike Roberg,TE,Idaho,256,4.75,34.5,16,117,7.28,4.4,Carolina Panthers / 7th / 227th pick / 2001
Russell Stewart,TE,Stanford,251,4.92,28.5,17,106,7.46,4.3,
Tony Stewart,TE,Penn State,256,4.96,35.5,,109,7.3,4.4,Philadelphia Eagles / 5th / 147th pick / 2001
Boo Williams,TE,Arkansas,237,4.72,35.5,,119,7.1,4.33,
Mark Anelli,TE,Wisconsin,262,4.8,,18,,,,San Francisco 49ers / 6th / 201st pick / 2002
Chris Baker,TE,Michigan State,258,4.81,35,18,112,6.95,,New York Jets / 3rd / 88th pick / 2002
Mike Banks,TE,Iowa State,260,4.84,31.5,,104,,,Arizona Cardinals / 7th / 223rd pick / 2002
Dwayne Blakley,TE,Missouri,256,4.96,32.5,21,107,7.33,4.29,
Daniel Graham,TE,Colorado,248,4.64,36,,118,,,New England Patriots / 1st / 21st pick / 2002
Ryan Hannam,TE,New Mexico,251,4.69,30.5,18,113,7.07,4.21,Seattle Seahawks / 5th / 169th pick / 2002
Keith Heinrich,TE,SMU,255,4.77,35,21,120,6.87,4.1,Carolina Panthers / 6th / 174th pick / 2002
Doug Jolley,TE,BYU,251,4.6,38,18,117,6.9,4.18,Oakland Raiders / 2nd / 55th pick / 2002
Terry Jones,TE,Alabama,265,4.79,33.5,20,111,7.43,4.43,Baltimore Ravens / 5th / 155th pick / 2002
Chris Luzar,TE,Virginia,270,4.76,32.5,22,115,6.84,4.17,Jacksonville Jaguars / 4th / 118th pick / 2002
Ivory McCoy,TE,Michigan State,240,4.59,35,25,113,7.3,4.24,
Randy McMichael,TE,Georgia,247,4.88,29.5,18,112,7.58,4.28,Miami Dolphins / 4th / 114th pick / 2002
Josh Norman,TE,Oklahoma,236,4.65,32,18,115,,,
John Owens,TE,Notre Dame,265,4.77,38.5,21,117,,,Detroit Lions / 5th / 138th pick / 2002
Justin Peelle,TE,Oregon,255,4.75,29,21,110,7.34,4.29,San Diego Chargers / 4th / 103rd pick / 2002
Robert Royal,TE,LSU,253,4.97,31,14,114,7.37,4.27,Washington Redskins / 5th / 160th pick / 2002
Matt Schobel,TE,TCU,263,,34.5,,,,,Cincinnati Bengals / 3rd / 67th pick / 2002
Jeremy Shockey,TE,Miami (FL),255,4.64,,,,,,New York Giants / 1st / 14th pick / 2002
Derek Smith,TE,Kentucky,271,4.9,28.5,16,112,7.46,4.38,
Jerramy Stevens,TE,Washington,265,4.77,,,,,,Seattle Seahawks / 1st / 28th pick / 2002
Tim Stratton,TE,Purdue,251,4.97,27,15,101,,,
Tracey Wistrom,TE,Nebraska,245,4.92,33.5,17,116,7.09,4.1,Tampa Bay Buccaneers / 7th / 250th pick / 2002
Sean Berton,TE,North Carolina State,279,5.02,31,,107,7.18,4.35,
Dallas Clark,TE,Iowa,257,4.65,37.5,,123,,,Indianapolis Colts / 1st / 24th pick / 2003
Dan Curley,TE,East. Washington,254,4.63,35.5,17,118,7.47,4.53,St. Louis Rams / 5th / 148th pick / 2003
Zach Hilton,TE,North Carolina,262,4.83,35,24,112,7.26,4.33,
Robert Johnson,TE,Auburn,278,4.96,33.5,18,115,7.15,4.47,
Bennie Joppru,TE,Michigan,272,4.78,30.5,19,109,,,Houston Texans / 2nd / 41st pick / 2003
Donald Lee,TE,Mississippi State,249,4.82,39,26,120,7.42,4.42,Miami Dolphins / 5th / 156th pick / 2003
Spencer Nead,TE,BYU,259,4.86,28.5,19,102,7.37,4.34,New England Patriots / 7th / 234th pick / 2003
Mike Pinkard,TE,Arizona State,259,4.69,35,,,,,
Gabe Reid,TE,BYU,255,4.82,37,23,119,7.49,4.32,
Mike Seidman,TE,UCLA,261,4.8,,20,,,,Carolina Panthers / 3rd / 76th pick / 2003
Visanthe Shiancoe,TE,South Florida,251,4.65,39.5,28,120,7.09,4.31,New York Giants / 3rd / 91st pick / 2003
L.J. Smith,TE,Rutgers,258,4.62,37,26,122,6.74,4.25,Philadelphia Eagles / 2nd / 61st pick / 2003
Trent Smith,TE,Oklahoma,243,4.79,35.5,16,118,7.23,4.37,Baltimore Ravens / 7th / 223rd pick / 2003
Erick Streelman,TE,Nevada,248,5.06,30,9,109,7.59,4.4,
Ray Thomas,TE,Wake Forest,248,5.01,31,17,113,7.47,4.53,
Aaron Walker,TE,Florida,252,4.72,33.5,24,115,7.57,4.3,San Francisco 49ers / 5th / 161st pick / 2003
Kevin Ware,TE,Washington,256,4.79,34,22,110,7.52,4.47,
Jason Witten,TE,Tennessee,264,4.65,31,25,,,,Dallas Cowboys / 3rd / 69th pick / 2003
George Wrighster,TE,Oregon,249,4.89,34.5,16,115,7.24,,Jacksonville Jaguars / 4th / 104th pick / 2003
Doug Zeigler,TE,Mississippi,257,4.7,,20,,,,
Courtney Anderson,TE,San Jose State,269,4.89,30,17,106,7.86,4.45,Oakland Raiders / 7th / 245th pick / 2004
Bobby Blizzard,TE,North Carolina,266,4.89,,12,102,,,
Chris Cooley,TE,Utah State,265,4.87,33,22,115,7.21,4.19,Washington Redskins / 3rd / 81st pick / 2004
Jeff Dugan,TE,Maryland,263,5,28,21,109,7.4,4.32,Minnesota Vikings / 7th / 220th pick / 2004
Tim Euhus,TE,Oregon State,260,4.93,34.5,25,115,6.99,4.13,Buffalo Bills / 4th / 109th pick / 2004
J.P. Foschi,TE,Georgia Tech,266,5,30.5,24,111,7.49,4.35,
Michael Gaines,TE,Central Florida,275,5.06,33,18,109,7.44,4.18,Carolina Panthers / 7th / 232nd pick / 2004
Ronnie Ghent,TE,Louisville,248,5.02,27.5,11,103,7.47,4.5,
Ben Hartsock,TE,Ohio State,263,4.8,35,23,117,7.1,3.98,Indianapolis Colts / 3rd / 68th pick / 2004
Sean McHugh,TE,Penn State,264,4.92,29,18,115,7.36,4.09,Tennessee Titans / 7th / 241st pick / 2004
Jason Peters,TE,Arkansas,336,4.93,29,21,115,7.7,4.75,
Brett Pierce,TE,Stanford,250,4.95,27,19,103,7.13,4.37,
Sean Ryan,TE,Boston Col.,268,4.97,32.5,22,115,,,Dallas Cowboys / 5th / 144th pick / 2004
Ben Troupe,TE,Florida,265,4.65,,,,,,Tennessee Titans / 2nd / 40th pick / 2004
Ben Utecht,TE,Minnesota,249,4.8,,,,,,
Mike Walker,TE,Minnesota-Morris,254,4.84,30,19,106,7.51,4.35,
Benjamin Watson,TE,Georgia,258,4.5,35.5,34,123,7.38,4.11,New England Patriots / 1st / 32nd pick / 2004
Keith Willis,TE,Virginia Tech,260,5.03,,21,114,7.33,4.44,
Kris Wilson,TE,Pittsburgh,248,4.62,35,24,119,6.88,4.1,Kansas City Chiefs / 2nd / 61st pick / 2004
Kellen Winslow,TE,Miami (FL),251,4.55,,24,120,,,Cleveland Browns / 1st / 6th pick / 2004
Billy Bajema,TE,Oklahoma State,261,4.74,31.5,16,113,7.05,4.25,San Francisco 49ers / 7th / 249th pick / 2005
Adam Bergen,TE,Lehigh,265,4.78,38,25,121,7.11,4.1,
Jerome Collins,TE,Notre Dame,267,4.71,,21,118,,,St. Louis Rams / 5th / 144th pick / 2005
Jonas Crafts,TE,Texas-El Paso,247,4.89,,24,,,,
Tony Curtis,TE,Portland State,269,4.93,,21,115,,,
Joel Dreessen,TE,Colorado State,260,4.72,36,22,113,7.09,4.01,New York Jets / 6th / 198th pick / 2005
Kevin Everett,TE,Miami (FL),241,4.72,,,,,,Buffalo Bills / 3rd / 86th pick / 2005
Kelly Griffeth,TE,Fort Hays State,284,4.9,28,21,103,7.25,4.27,
Alex Holmes,TE,USC,265,5.04,,18,,,,
Tony Jackson,TE,Iowa,266,4.75,33,23,113,7.5,4.48,Seattle Seahawks / 6th / 196th pick / 2005
Matt Jones,TE,Arkansas,242,4.37,39.5,,129,,,Jacksonville Jaguars / 1st / 21st pick / 2005
Dave Kashetta,TE,Boston Col.,247,4.87,35.5,17,113,7.34,4.34,
Heath Miller,TE,Virginia,256,4.79,,,,,,Pittsburgh Steelers / 1st / 30th pick / 2005
Bo Scaife,TE,Texas,249,4.75,32.5,24,114,7.21,4.12,Tennessee Titans / 6th / 179th pick / 2005
Alex Smith,TE,Stanford,258,4.88,,28,,,,Tampa Bay Buccaneers / 3rd / 71st pick / 2005
Troy Bienemann,TE,Washington State,256,4.8,,,,,,
Dominique Byrd,TE,USC,255,4.79,,,,,,St. Louis Rams / 3rd / 93rd pick / 2006
Owen Daniels,TE,Wisconsin,253,4.65,34.5,23,114,6.87,4.1,Houston Texans / 4th / 98th pick / 2006
Vernon Davis,TE,Maryland,254,4.38,42,33,128,7,4.17,San Francisco 49ers / 1st / 6th pick / 2006
Charles Davis,TE,Purdue,263,4.87,31.5,27,108,7.53,4.37,Pittsburgh Steelers / 5th / 167th pick / 2006
Tim Day,TE,Oregon,256,4.74,35,24,109,7.03,4.2,
Anthony Fasano,TE,Notre Dame,259,4.72,33.5,19,112,6.94,4.34,Dallas Cowboys / 2nd / 53rd pick / 2006
Daniel Fells,TE,California-Davis,259,4.95,29.5,19,108,7.27,4.46,
Matt Henshaw,TE,Florida State,248,4.73,29,16,111,7.44,4.44,
Jeff King,TE,Virginia Tech,245,4.83,32.5,21,109,6.99,4.09,Carolina Panthers / 5th / 155th pick / 2006
Joe Klopfenstein,TE,Colorado,255,4.63,36,27,112,7.39,4.21,St. Louis Rams / 2nd / 46th pick / 2006
Marcedes Lewis,TE,UCLA,261,4.8,37,23,118,7.24,4.82,Jacksonville Jaguars / 1st / 28th pick / 2006
Tim Massaquoi,TE,Michigan,259,4.85,,32,,,,Tampa Bay Buccaneers / 7th / 244th pick / 2006
Jason Pociask,TE,Wisconsin,266,4.84,32.5,23,115,7.31,4.3,New York Jets / 5th / 150th pick / 2006
Leonard Pope,TE,Georgia,258,4.62,37.5,22,118,7.47,4.67,Arizona Cardinals / 3rd / 72nd pick / 2006
Tony Scheffler,TE,West. Michigan,254,4.54,33.5,17,115,6.81,4.01,Denver Broncos / 2nd / 61st pick / 2006
Quinn Sypniewski,TE,Colorado,268,4.77,32.5,20,114,7.09,4.52,Baltimore Ravens / 5th / 166th pick / 2006
David Thomas,TE,Texas,252,4.67,37.5,19,113,7.05,4.34,New England Patriots / 3rd / 86th pick / 2006
Cooper Wallace,TE,Auburn,261,4.78,29,21,105,7.29,4.21,
T.J. Williams,TE,North Carolina State,269,4.72,34,25,111,7.49,4.54,Tampa Bay Buccaneers / 6th / 202nd pick / 2006
Michael Allan,TE,Whitworth,255,4.71,36,19,123,7.31,4.52,Kansas City Chiefs / 7th / 231st pick / 2007
Kevin Boss,TE,Western Oregon,252,4.78,35,,116,6.96,4.41,New York Giants / 5th / 153rd pick / 2007
Scott Chandler,TE,Iowa,270,4.78,30,16,111,7.26,4.32,San Diego Chargers / 4th / 129th pick / 2007
Daniel Coats,TE,BYU,257,4.94,30,34,111,7.07,4.43,
Jonny Harline,TE,BYU,248,4.84,28.5,15,106,7.05,4.68,
Clark Harris,TE,Rutgers,261,4.8,32,21,112,,4.4,Green Bay Packers / 7th / 243rd pick / 2007
Zach Miller,TE,Arizona State,256,4.87,34,,115,7.01,4.42,Oakland Raiders / 2nd / 38th pick / 2007
Martrez Milner,TE,Georgia,252,4.79,34,19,117,7.35,4.49,Atlanta Falcons / 4th / 133rd pick / 2007
Joe Newton,TE,Oregon State,257,4.89,31,20,109,7.35,4.57,
Greg Olsen,TE,Miami (FL),254,4.51,35.5,23,114,7.04,4.48,Chicago Bears / 1st / 31st pick / 2007
Ben Patrick,TE,Duke,252,4.74,34.5,,111,7.21,4.31,Arizona Cardinals / 7th / 215th pick / 2007
Anthony Pudewell,TE,Nevada,250,5.07,25.5,15,101,7.31,4.41,
Dante Rosario,TE,Oregon,244,4.78,36,20,115,6.96,4.47,Carolina Panthers / 5th / 155th pick / 2007
Matt Spaeth,TE,Minnesota,270,4.83,,,,,,Pittsburgh Steelers / 3rd / 77th pick / 2007
Chad Upshaw,TE,Buffalo,252,4.9,33.5,16,108,7.23,4.58,
Gary Barnidge,TE,Louisville,243,4.61,31,22,117,6.92,4.23,Carolina Panthers / 5th / 141st pick / 2008
Martellus Bennett,TE,Texas A&M,259,4.68,34,18,118,7.64,4.53,Dallas Cowboys / 2nd / 61st pick / 2008
Adam Bishop,TE,Nevada,248,4.98,27,21,113,7.14,4.28,
John Carlson,TE,Notre Dame,251,4.88,30.5,20,113,7.12,4.28,Seattle Seahawks / 2nd / 38th pick / 2008
Brad Cottam,TE,Tennessee,270,4.63,33,24,,,,Kansas City Chiefs / 3rd / 76th pick / 2008
Fred Davis,TE,USC,255,4.68,,24,,,,Washington Redskins / 2nd / 48th pick / 2008
Kellen Davis,TE,Michigan State,262,4.59,28,22,118,7.25,4.38,Chicago Bears / 5th / 158th pick / 2008
Derek Fine,TE,Kansas,251,4.83,29,24,115,6.8,4.19,Buffalo Bills / 4th / 132nd pick / 2008
Joe Jon Finley,TE,Oklahoma,254,4.85,,22,,,,
Jermichael Finley,TE,Texas,243,4.82,27.5,20,117,7.15,4.38,Green Bay Packers / 3rd / 91st pick / 2008
Joey Haynos,TE,Maryland,259,4.87,30.5,17,123,6.92,4.42,
Kolo Kapanui,TE,West Texas A&M,271,5.06,26.5,23,107,7.42,4.66,
Dustin Keller,TE,Purdue,242,4.53,38,26,131,6.88,4.14,New York Jets / 1st / 30th pick / 2008
Evan Moore,TE,Stanford,233,4.74,27,16,110,7.08,4.43,
Martin Rucker,TE,Missouri,251,4.75,,20,,,,Cleveland Browns / 4th / 111th pick / 2008
Tom Santi,TE,Virginia,250,4.8,36,14,121,7.08,4.27,Indianapolis Colts / 6th / 196th pick / 2008
Craig Stevens,TE,California,254,4.59,27.5,27,114,7.07,4.31,Tennessee Titans / 3rd / 85th pick / 2008
Darrell Strong,TE,Pittsburgh,268,4.78,25,17,110,6.86,4.36,
Jacob Tamme,TE,Kentucky,236,4.58,30,18,109,6.99,4.27,Indianapolis Colts / 4th / 127th pick / 2008
Travis Beckum,TE,Wisconsin,243,4.61,,28,,,,New York Giants / 3rd / 100th pick / 2009
Jared Bronson,TE,Central Washington,253,4.7,32.5,,116,7.15,4.33,
Chase Coffman,TE,Missouri,244,4.83,,,,,,Cincinnati Bengals / 3rd / 98th pick / 2009
Jared Cook,TE,South Carolina,246,4.49,41,23,123,,,Tennessee Titans / 3rd / 89th pick / 2009
Davon Drew,TE,East Carolina,256,4.78,29.5,17,113,7.28,4.56,Baltimore Ravens / 5th / 149th pick / 2009
Dan Gronkowski,TE,Maryland,255,4.79,33,26,122,6.92,4.26,Detroit Lions / 7th / 255th pick / 2009
Anthony Hill,TE,North Carolina State,262,4.84,30.5,21,107,7.31,4.56,Houston Texans / 4th / 122nd pick / 2009
Cornelius Ingram,TE,Florida,245,4.68,33,21,,7.12,4.53,Philadelphia Eagles / 5th / 153rd pick / 2009
Cameron Morrah,TE,California,244,4.61,32.5,24,115,6.99,4.36,Seattle Seahawks / 7th / 248th pick / 2009
Shawn Nelson,TE,Southern Miss,240,4.52,33,19,115,6.96,4.46,Buffalo Bills / 4th / 121st pick / 2009
Bear Pascoe,TE,Fresno State,251,4.89,26.5,,107,7.65,4.55,San Francisco 49ers / 6th / 184th pick / 2009
Brandon Pettigrew,TE,Oklahoma State,263,4.8,33,22,118,7.12,4.37,Detroit Lions / 1st / 20th pick / 2009
John Phillips,TE,Virginia,251,4.78,33.5,20,112,6.84,4.27,Dallas Cowboys / 6th / 208th pick / 2009
Richard Quinn,TE,North Carolina,264,4.88,32.5,24,119,7.5,4.62,Denver Broncos / 2nd / 64th pick / 2009
Kory Sperry,TE,Colorado State,238,4.69,33.5,20,122,7,4.24,
Nate Byham,TE,Pittsburgh,268,4.97,29,,109,,,San Francisco 49ers / 6th / 182nd pick / 2010
Dorin Dickerson,TE,Pittsburgh,226,4.4,43.5,24,125,6.96,4.3,Houston Texans / 7th / 227th pick / 2010
Ed Dickson,TE,Oregon,249,4.59,34,23,115,7.32,4.59,Baltimore Ravens / 3rd / 70th pick / 2010
Jim Dray,TE,Stanford,246,4.82,,17,,,,Arizona Cardinals / 7th / 233rd pick / 2010
Brody Eldridge,TE,Oklahoma,261,4.72,31.5,,,,,Indianapolis Colts / 5th / 162nd pick / 2010
Dedrick Epps,TE,Miami (FL),250,4.7,,19,,,,San Diego Chargers / 7th / 235th pick / 2010
Garrett Graham,TE,Wisconsin,243,4.71,34.5,20,112,7.09,4.35,Houston Texans / 4th / 118th pick / 2010
Jimmy Graham,TE,Miami (FL),260,4.53,38.5,,120,6.9,4.45,New Orleans Saints / 3rd / 95th pick / 2010
Jermaine Gresham,TE,Oklahoma,261,4.66,35,20,113,7.07,4.53,Cincinnati Bengals / 1st / 21st pick / 2010
Rob Gronkowski,TE,Arizona,264,4.68,,23,,,,New England Patriots / 2nd / 42nd pick / 2010
Aaron Hernandez,TE,Florida,245,4.64,,,,,,New England Patriots / 4th / 113th pick / 2010
Michael Hoomanawanui,TE,Illinois,264,4.77,,25,,,,St. Louis Rams / 5th / 132nd pick / 2010
Jeron Mastrud,TE,Kansas State,256,4.82,,,,,,
Anthony McCoy,TE,USC,259,4.71,35.5,19,113,6.99,4.57,Seattle Seahawks / 6th / 185th pick / 2010
Tony Moeaki,TE,Iowa,245,4.69,34,18,113,7.1,4.42,Kansas City Chiefs / 3rd / 93rd pick / 2010
Colin Peek,TE,Alabama,254,4.93,,19,,,,
Dennis Pitta,TE,BYU,245,4.68,34,27,113,6.72,4.17,Baltimore Ravens / 4th / 114th pick / 2010
Andrew Quarless,TE,Penn State,254,4.68,32,23,112,,,Green Bay Packers / 5th / 154th pick / 2010
Jordan Cameron,TE,USC,254,4.53,37.5,23,119,6.82,4.03,Cleveland Browns / 4th / 102nd pick / 2011
Charlie Gantt,TE,Michigan State,252,4.85,30.5,27,112,7.15,4.4,
Cameron Graham,TE,Louisville,244,5,31,18,105,7.19,4.51,
Virgil Green,TE,Nevada,249,4.54,42.5,23,130,6.9,4.4,Denver Broncos / 7th / 204th pick / 2011
Daniel Hardy,TE,Idaho,249,4.78,,18,,,,Tampa Bay Buccaneers / 7th / 238th pick / 2011
Rob Housler,TE,Florida Atlantic,248,4.46,37,22,117,6.9,4.21,Arizona Cardinals / 3rd / 69th pick / 2011
Lance Kendricks,TE,Wisconsin,243,4.65,34.5,25,122,6.94,4.15,St. Louis Rams / 2nd / 47th pick / 2011
Schuylar Oordt,TE,New Mexico,261,4.63,36,18,119,6.83,4.25,
Zack Pianalto,TE,North Carolina,256,4.78,32,22,108,6.85,4.41,
Kyle Rudolph,TE,Notre Dame,259,4.83,,,,,,Minnesota Vikings / 2nd / 43rd pick / 2011
Weslye Saunders,TE,South Carolina,270,4.93,33.5,19,116,,,
Lee Smith,TE,Marshall,266,4.94,29,25,108,7.13,4.28,New England Patriots / 5th / 159th pick / 2011
Luke Stocker,TE,Tennessee,258,4.68,33,27,115,7.03,4.4,Tampa Bay Buccaneers / 4th / 104th pick / 2011
Julius Thomas,TE,Portland State,246,4.64,35.5,16,111,6.96,4.31,Denver Broncos / 4th / 129th pick / 2011
D.J. Williams,TE,Arkansas,245,4.59,33.5,20,111,7.29,4.51,Green Bay Packers / 5th / 141st pick / 2011
Dwayne Allen,TE,Clemson,255,4.85,32,27,110,7.12,4.37,Indianapolis Colts / 3rd / 64th pick / 2012
Orson Charles,TE,Georgia,251,4.73,,35,,,,Cincinnati Bengals / 4th / 116th pick / 2012
Michael Egnew,TE,Missouri,252,4.52,36,21,131,7.03,4.32,Miami Dolphins / 3rd / 78th pick / 2012
Rhett Ellison,TE,USC,251,4.78,31.5,,109,,,Minnesota Vikings / 4th / 128th pick / 2012
Coby Fleener,TE,Stanford,247,4.51,,27,,,,Indianapolis Colts / 2nd / 34th pick / 2012
Ladarius Green,TE,Louisiana-Lafayette,238,4.45,34.5,16,124,7.12,4.47,San Diego Chargers / 4th / 110th pick / 2012
James Hanna,TE,Oklahoma,252,4.43,36,24,122,6.76,4.11,Dallas Cowboys / 6th / 186th pick / 2012
Cory Harkey,TE,UCLA,260,5.06,26.5,13,109,7.4,4.69,
David Paulson,TE,Oregon,246,4.79,32,21,110,7.18,4.4,Pittsburgh Steelers / 7th / 240th pick / 2012
DeAngelo Peterson,TE,LSU,243,4.69,36,18,121,7.19,,
Nick Provo,TE,Syracuse,237,4.76,,,,,,
Beau Reliford,TE,Florida State,256,4.84,,,,,,
Justice Cunningham,TE,South Carolina,258,4.94,31.5,,116,7.12,4.45,Indianapolis Colts / 7th / 254th pick / 2013
Tyler Eifert,TE,Notre Dame,250,4.68,35.5,22,119,6.92,4.32,Cincinnati Bengals / 1st / 21st pick / 2013
Zach Ertz,TE,Stanford,249,4.76,30.5,24,111,7.08,4.47,Philadelphia Eagles / 2nd / 35th pick / 2013
Gavin Escobar,TE,San Diego State,254,4.84,32,,114,7.07,4.31,Dallas Cowboys / 2nd / 47th pick / 2013
Joseph Fauria,TE,UCLA,259,4.82,,17,,,,
Matt Furstenburg,TE,Maryland,242,4.62,35.5,18,115,7.09,4.35,
Chris Gragg,TE,Arkansas,244,4.5,37.5,18,125,7.08,4.51,Buffalo Bills / 7th / 222nd pick / 2013
D.C. Jefferson,TE,Rutgers,255,4.97,,3,,,,Arizona Cardinals / 7th / 219th pick / 2013
Nick Kasa,TE,Colorado,269,4.71,31.5,22,113,,,Oakland Raiders / 6th / 172nd pick / 2013
Travis Kelce,TE,Cincinnati,255,4.63,,,,,,Kansas City Chiefs / 3rd / 63rd pick / 2013
Philip Lutzenkirchen,TE,Auburn,258,4.94,30.5,21,112,7.15,4.35,
Vance McDonald,TE,Rice,267,4.69,33.5,31,119,7.08,4.53,San Francisco 49ers / 2nd / 55th pick / 2013
Ryan Otten,TE,San Jose State,230,4.69,,,,,,
Chris Pantale,TE,Boston Col.,254,4.99,33.5,17,110,7.48,4.5,
Jordan Reed,TE,Florida,236,4.72,,16,,,,Washington Redskins / 3rd / 85th pick / 2013
Mychal Rivera,TE,Tennessee,242,4.81,31,17,112,7.17,4.43,Oakland Raiders / 6th / 184th pick / 2013
Dion Sims,TE,Michigan State,262,4.75,35,22,112,7.36,4.52,Miami Dolphins / 4th / 106th pick / 2013
Jake Stoneburner,TE,Ohio State,252,4.65,34.5,18,116,7.12,4.27,
Levine Toilolo,TE,Stanford,260,4.86,31,17,113,7.09,4.57,Atlanta Falcons / 4th / 133rd pick / 2013
Rory Anderson,TE,South Carolina,244,4.73,,,,,,San Francisco 49ers / 7th / 254th pick / 2015
Blake Bell,TE,Oklahoma,252,4.8,33,14,116,6.85,4.32,San Francisco 49ers / 4th / 117th pick / 2015
E.J. Bibbs,TE,Iowa State,258,4.88,,20,,,,
Nick Boyle,TE,Pittsburgh,268,5.04,30.5,20,112,7.13,4.23,Baltimore Ravens / 5th / 171st pick / 2015
Gerald Christian,TE,Louisville,244,4.87,,28,,7.62,4.7,Arizona Cardinals / 7th / 256th pick / 2015
AJ Derby,TE,Arkansas,255,4.72,,15,,,,
Jeff Heuerman,TE,Ohio State,254,4.81,,26,,,,Denver Broncos / 3rd / 92nd pick / 2015
Jesse James,TE,Penn State,261,4.83,37.5,26,121,7.53,4.5,Pittsburgh Steelers / 5th / 160th pick / 2015
Ben Koyack,TE,Notre Dame,255,4.79,,,,,,Jacksonville Jaguars / 7th / 229th pick / 2015
Tyler Kroft,TE,Rutgers,246,4.75,,17,,,,Cincinnati Bengals / 3rd / 85th pick / 2015
Nick O'Leary,TE,Florida State,252,4.93,30.5,21,110,7.4,4.5,Buffalo Bills / 6th / 194th pick / 2015
MyCole Pruitt,TE,Southern Illinois,251,4.58,38,17,118,7.25,4.37,Minnesota Vikings / 5th / 143rd pick / 2015
Wes Saxton,TE,South Alabama,248,4.65,36,,119,7.29,4.49,
Jean Sifrin,TE,Massachusetts,245,4.84,33,,114,7.5,4.6,
Randall Telfer,TE,USC,250,4.83,,20,,,,Cleveland Browns / 6th / 198th pick / 2015
Eric Tomlinson,TE,Texas-El Paso,263,4.98,30.5,19,110,7.46,4.54,
Clive Walford,TE,Miami (FL),251,4.79,35,20,120,7.32,4.57,Oakland Raiders / 3rd / 68th pick / 2015
Maxx Williams,TE,Minnesota,249,4.78,34.5,17,117,7.3,4.37,Baltimore Ravens / 2nd / 55th pick / 2015
Jerell Adams,TE,South Carolina,247,4.64,32.5,,117,7.05,4.31,New York Giants / 6th / 184th pick / 2016
Stephen Anderson,TE,California,230,4.59,38,16,119,,,
Ben Braunecker,TE,Harvard,250,4.73,35.5,20,121,6.9,4.2,
Thomas Duarte,TE,UCLA,231,4.72,33.5,12,118,6.97,4.24,Miami Dolphins / 7th / 231st pick / 2016
David Grinnage,TE,North Carolina State,248,4.9,29.5,,106,,,
Temarrick Hemingway,TE,South Carolina State,244,4.71,30.5,18,115,6.88,4.31,Los Angeles Rams / 6th / 177th pick / 2016
Hunter Henry,TE,Arkansas,250,4.79,,13,,,,San Diego Chargers / 2nd / 35th pick / 2016
Tyler Higbee,TE,Western Kentucky,249,4.77,,,,,,Los Angeles Rams / 4th / 110th pick / 2016
Austin Hooper,TE,Stanford,254,4.72,33,19,117,7,4.32,Atlanta Falcons / 3rd / 81st pick / 2016
Ryan Malleck,TE,Virginia Tech,247,4.77,34.5,18,121,7,4.33,
Jake McGee,TE,Florida,250,4.83,,17,,,,
David Morgan,TE,Texas-San Antonio,262,,,,,,,Minnesota Vikings / 6th / 188th pick / 2016
Beau Sandland,TE,Montana State,253,4.74,35,23,124,7.1,4.33,Carolina Panthers / 7th / 252nd pick / 2016
Nick Vannett,TE,Ohio State,257,4.76,30.5,17,111,7.05,4.2,Seattle Seahawks / 3rd / 94th pick / 2016
Bryce Williams,TE,East Carolina,257,4.94,29.5,19,111,7.19,4.53,
Billy Brown,TE,Shepherd,254,4.7,29,23,118,,,
Pharaoh Brown,TE,Oregon,255,,34,24,,,,
Jake Butt,TE,Michigan,246,,,,,,,Denver Broncos / 5th / 145th pick / 2017
Cethan Carter,TE,Nebraska,241,4.68,,19,,,,
Darrell Daniels,TE,Washington,247,4.55,32,17,116,7.09,4.47,
Evan Engram,TE,Mississippi,234,4.42,36,19,125,6.92,4.23,New York Giants / 1st / 23rd pick / 2017
Gerald Everett,TE,South Alabama,239,4.62,37.5,22,126,6.99,4.33,Los Angeles Rams / 2nd / 44th pick / 2017
Cole Hikutini,TE,Louisville,247,,,20,,,,
Bucky Hodges,TE,Virginia Tech,257,4.57,39,18,134,,4.45,Minnesota Vikings / 6th / 201st pick / 2017
O.J. Howard,TE,Alabama,251,4.51,30,22,121,6.85,4.16,Tampa Bay Buccaneers / 1st / 19th pick / 2017
George Kittle,TE,Iowa,247,4.52,35,18,132,,,San Francisco 49ers / 5th / 146th pick / 2017
Jordan Leggett,TE,Clemson,258,,33,18,114,7.12,4.33,New York Jets / 5th / 150th pick / 2017
David Njoku,TE,Miami (FL),246,4.64,37.5,21,133,6.97,4.34,Cleveland Browns / 1st / 29th pick / 2017
Scott Orndoff,TE,Pittsburgh,253,4.84,27,17,112,7.37,4.45,
Hayden Plinke,TE,Texas-El Paso,264,4.97,28,18,109,7.55,4.59,
Michael Roberts,TE,Toledo,270,4.86,30,,110,7.05,4.51,Detroit Lions / 4th / 127th pick / 2017
Eric Saubert,TE,Drake,253,,33,22,121,,,Atlanta Falcons / 5th / 174th pick / 2017
Adam Shaheen,TE,Ashland,278,4.79,32.5,24,121,7.09,4.38,Chicago Bears / 2nd / 45th pick / 2017
Jonnu Smith,TE,Florida International,248,4.62,38,22,127,,4.18,Tennessee Titans / 3rd / 100th pick / 2017
Jeremy Sprinkle,TE,Arkansas,252,4.69,29,,116,,,Washington Redskins / 5th / 154th pick / 2017
Jordan Akins,TE,Central Florida,249,,,,,,,Houston Texans / 3rd / 98th pick / 2018
Mark Andrews,TE,Oklahoma,256,4.67,31,17,113,7.34,4.38,Baltimore Ravens / 3rd / 86th pick / 2018
Marcus Baugh,TE,Ohio State,247,4.81,33,,117,7.28,4.51,
Tyler Conklin,TE,Central Michigan,254,4.8,38,18,120,7.13,4.23,Minnesota Vikings / 5th / 157th pick / 2018
Will Dissly,TE,Washington,262,4.87,28,15,111,7.07,4.4,Seattle Seahawks / 4th / 120th pick / 2018
Troy Fumagalli,TE,Wisconsin,247,,,14,,,,Denver Broncos / 5th / 156th pick / 2018
Mike Gesicki,TE,Penn State,247,4.54,41.5,22,129,6.76,4.1,Miami Dolphins / 2nd / 42nd pick / 2018
Dallas Goedert,TE,South Dakota State,256,,,23,,,,Philadelphia Eagles / 2nd / 49th pick / 2018
Chris Herndon,TE,Miami (FL),253,,,21,,,,New York Jets / 4th / 107th pick / 2018
Hayden Hurst,TE,South Carolina,250,4.67,31.5,,120,7.19,4.37,Baltimore Ravens / 1st / 25th pick / 2018
Ryan Izzo,TE,Florida State,256,4.94,33,18,110,7.15,4.43,New England Patriots / 7th / 250th pick / 2018
Jaylen Samuels,TE,North Carolina State,225,4.54,34.5,18,121,6.93,4.28,Pittsburgh Steelers / 5th / 165th pick / 2018
Dalton Schultz,TE,Stanford,244,4.75,32,15,120,7,4.4,Dallas Cowboys / 4th / 137th pick / 2018
Durham Smythe,TE,Notre Dame,253,4.81,31,18,110,7.17,4.23,Miami Dolphins / 4th / 123rd pick / 2018
Ian Thomas,TE,Indiana,259,4.74,36,,123,7.15,4.2,Carolina Panthers / 4th / 101st pick / 2018
Jordan Thomas,TE,Mississippi State,265,4.74,27,16,111,7.5,4.75,Houston Texans / 6th / 211th pick / 2018
David Wells,TE,San Diego State,256,4.75,33,20,116,7.5,4.59,
Kendall Blanton,TE,Missouri,262,4.95,31,22,113,7.37,4.42,
Keenen Brown,TE,Texas State,250,4.75,33,17,117,7.27,4.51,
C.J. Conrad,TE,Kentucky,249,,,,,,,
Noah Fant,TE,Iowa,249,4.5,39.5,20,127,6.81,4.22,Denver Broncos / 1st / 20th pick / 2019
Zach Gentry,TE,Michigan,265,4.9,29.5,12,110,7.4,4.53,Pittsburgh Steelers / 5th / 141st pick / 2019
Daniel Helm,TE,Duke,249,4.89,,14,,,,
T.J. Hockenson,TE,Iowa,251,4.7,37.5,17,123,7.02,4.18,Detroit Lions / 1st / 8th pick / 2019
Dawson Knox,TE,Mississippi,254,,34.5,16,,7.12,4.27,Buffalo Bills / 3rd / 96th pick / 2019
Alize Mack,TE,Notre Dame,249,4.7,36,22,120,7.27,4.34,New Orleans Saints / 7th / 231st pick / 2019
Foster Moreau,TE,LSU,253,4.66,36.5,22,121,7.16,4.11,Oakland Raiders / 4th / 137th pick / 2019
Isaac Nauta,TE,Georgia,244,4.91,28,19,,7.45,4.43,Detroit Lions / 7th / 224th pick / 2019
Josh Oliver,TE,San Jose State,249,4.63,34,22,117,7.21,4.47,Jacksonville Jaguars / 3rd / 69th pick / 2019
Dax Raymond,TE,Utah State,255,4.73,32,15,109,7.15,4.39,
Drew Sample,TE,Washington,255,4.71,33.5,,115,7.15,4.31,Cincinnati Bengals / 2nd / 52nd pick / 2019
Irv Smith,TE,Alabama,242,4.63,32.5,19,110,7.32,4.33,Minnesota Vikings / 2nd / 50th pick / 2019
Kaden Smith,TE,Stanford,255,4.92,32,15,108,7.08,4.47,San Francisco 49ers / 6th / 176th pick / 2019
Jace Sternberger,TE,Texas A&M,251,4.75,31.5,17,113,7.19,4.31,Green Bay Packers / 3rd / 75th pick / 2019
Tommy Sweeney,TE,Boston Col.,251,4.83,,17,,,,Buffalo Bills / 7th / 228th pick / 2019
Kahale Warring,TE,San Diego State,252,4.67,36.5,19,122,7.21,4.25,Houston Texans / 3rd / 86th pick / 2019
Trevon Wesco,TE,West Virginia,267,4.89,31,24,117,7.18,4.38,New York Jets / 4th / 121st pick / 2019
Caleb Wilson,TE,UCLA,240,4.56,29,,113,7.2,4.4,Arizona Cardinals / 7th / 254th pick / 2019
Devin Asiasi,TE,UCLA,257,4.73,30.5,16,115,,,New England Patriots / 3rd / 91st pick / 2020
Jacob Breeland,TE,Oregon,252,,,,,,,
Harrison Bryant,TE,Florida Atlantic,243,4.73,32.5,13,110,7.41,4.37,Cleveland Browns / 4th / 115th pick / 2020
Hunter Bryant,TE,Washington,248,4.74,32.5,23,115,7.08,4.46,
Josiah Deguara,TE,Cincinnati,242,4.72,35.5,25,115,7.15,4.35,Green Bay Packers / 3rd / 94th pick / 2020
Brycen Hopkins,TE,Purdue,245,4.66,33.5,21,116,7.25,4.28,Los Angeles Rams / 4th / 136th pick / 2020
Dalton Keene,TE,Virginia Tech,253,4.71,34,21,125,7.07,4.19,New England Patriots / 3rd / 101st pick / 2020
Cole Kmet,TE,Notre Dame,262,4.7,37,,123,7.44,4.41,Chicago Bears / 2nd / 43rd pick / 2020
Sean McKeon,TE,Michigan,242,,,18,,,,
Thaddeus Moss,TE,LSU,250,,,,,,,
C.J. O'Grady,TE,Arkansas,253,4.81,34,16,119,7.3,4.34,
Albert Okwuegbunam,TE,Missouri,258,4.49,,,,,,Denver Broncos / 4th / 118th pick / 2020
Colby Parkinson,TE,Stanford,252,4.77,32.5,18,109,7.15,4.46,Seattle Seahawks / 4th / 133rd pick / 2020
Jared Pinkney,TE,Vanderbilt,257,4.96,,23,,,,
Stephen Sullivan,TE,LSU,248,4.66,36.5,,123,7.51,4.62,Seattle Seahawks / 7th / 251st pick / 2020
Charlie Taumoepeau,TE,Portland State,240,4.75,36.5,18,121,7,4.27,
Adam Trautman,TE,Dayton,255,4.8,34.5,18,114,6.78,4.27,New Orleans Saints / 3rd / 105th pick / 2020
Mitchell Wilcox,TE,South Florida,247,4.88,31,,112,7.37,4.43,
Charlie Woerner,TE,Georgia,244,4.78,34.5,21,120,7.18,4.46,San Francisco 49ers / 6th / 190th pick / 2020
Dom Wood-Anderson,TE,Tennessee,261,4.92,35,,119,,,
Giles Amos,TE,Arkansas St.,250,5.14,28.5,,111,7.65,5.13,
John Bates,TE,Boise St.,250,4.84,31.5,19,120,6.85,4.35,
Shaun Beyer,TE,Iowa,250,4.78,31.5,,119,,4.2,
J.C. Chalk,TE,Clemson,250,5.18,28.5,15,106,7.83,4.72,
Daniel Crawford,TE,Northern Illinois,245,4.7,32.5,14,113,7.19,4.45,
Zach Davidson,TE,Central Missouri St.,245,4.58,37.5,17,117,6.95,4.19,
Luke Farrell,TE,Ohio St.,251,4.79,36.5,22,118,7.14,4.36,Jacksonville Jaguars / 5th / 145th pick / 2021
Miller Forristall,TE,Alabama,,,,,,,,
Pat Freiermuth,TE,Penn St.,251,,,26,,,,Pittsburgh Steelers / 2nd / 55th pick / 2021
Noah Gray,TE,Duke,240,4.55,35,15,115,6.83,4.37,Kansas City Chiefs / 5th / 162nd pick / 2021
Scooter Harrington,TE,Stanford,250,5.19,29,,105,7.2,4.53,
Jake Hausmann,TE,Ohio St.,242,4.98,29.5,16,112,7.65,4.44,
Brevin Jordan,TE,Miami (FL),247,4.64,31,17,116,,,Houston Texans / 5th / 147th pick / 2021
Hunter Kampmoyer,TE,Oregon,243,4.83,31,21,113,7.28,4.54,
Bruno Labelle,TE,Cincinnati,247,4.73,36,19,123,7.36,4.43,
Artayvious Lynn,TE,TCU,271,,,,,,,
Ben Mason,TE,Michigan,246,4.73,37.5,29,117,6.96,4.42,
Tre' McKitty,TE,Georgia,247,,,,,,,Los Angeles Chargers / 3rd / 97th pick / 2021
Briley Moore,TE,Kansas St.,240,4.66,37.5,26,123,7.24,4.37,
Quintin Morris,TE,Bowling Green,243,4.6,34,22,119,7.12,4.55,
Josh Pederson,TE,La-Monroe,234,4.81,28.5,19,110,7.31,4.43,
Kyle Pitts,TE,Florida,245,4.44,33.5,22,129,7.12,4.3,Atlanta Falcons / 1st / 4th pick / 2021
John Raine,TE,Northwestern,231,5.05,31,15,107,7.32,4.54,
Jack Stoll,TE,Nebraska,247,4.6,31.5,16,119,6.86,4.32,
Tommy Tremble,TE,Notre Dame,241,4.6,36.5,20,122,,,Carolina Panthers / 3rd / 83rd pick / 2021
Carl Tucker,TE,Alabama,,,,,,,,
Pro Wells,TE,TCU,,,,,,,,
Brock Wright,TE,Notre Dame,257,4.62,31.5,26,118,7.27,4.25,
Kenny Yeboah,TE,Mississippi,250,,34,,116,,,
Austin Allen,TE,Nebraska,253,4.83,34,,121,7,4.26,
Chase Allen,TE,Iowa St.,251,,33.5,,117,7.03,4.43,
Daniel Bellinger,TE,San Diego St.,253,4.63,34.5,22,125,7.05,4.47,New York Giants / 4th / 112th pick / 2022
Grant Calcaterra,TE,SMU,241,4.62,,20,,,,Philadelphia Eagles / 6th / 198th pick / 2022
Greg Dulcich,TE,UCLA,243,4.69,34,16,122,7.05,4.37,Denver Broncos / 3rd / 80th pick / 2022
Jake Ferguson,TE,Wisconsin,250,4.81,31.5,15,118,7.03,4.48,Dallas Cowboys / 4th / 129th pick / 2022
Jeremiah Hall,TE,Oklahoma,239,4.96,29,19,111,7.43,4.62,
Peyton Hendershot,TE,Indiana,250,4.8,32.5,,117,,4.25,
Connor Heyward,TE,Michigan St.,233,4.72,32.5,,,,,Pittsburgh Steelers / 6th / 208th pick / 2022
Curtis Hodges,TE,Arizona St.,257,4.85,34.5,,117,7.14,4.28,
Charlie Kolar,TE,Iowa St.,252,,,,,,,Baltimore Ravens / 4th / 128th pick / 2022
Isaiah Likely,TE,Coastal Carolina,245,,36,,,,4.57,Baltimore Ravens / 4th / 139th pick / 2022
Trey McBride,TE,Colorado St.,246,,33,18,117,,,Arizona Cardinals / 2nd / 55th pick / 2022
James Mitchell,TE,Virginia Tech,249,,,,,,,Detroit Lions / 5th / 177th pick / 2022
Chigoziem Okonkwo,TE,Maryland,238,4.52,35.5,,,,,Tennessee Titans / 4th / 143rd pick / 2022
Cade Otton,TE,Washington,247,,,,,,,Tampa Bay Buccaneers / 4th / 106th pick / 2022
Teagan Quitoriano,TE,Oregon St.,258,,,22,,,,Houston Texans / 5th / 170th pick / 2022
Jeremy Ruckert,TE,Ohio St.,250,,,19,,,,New York Jets / 3rd / 101st pick / 2022
Cole Turner,TE,Nevada,246,4.76,27,17,120,7.06,4.41,Washington Commanders / 5th / 149th pick / 2022
Jelani Woods,TE,Virginia,259,4.61,,24,,,,Indianapolis Colts / 3rd / 73rd pick / 2022
Jalen Wydermyer,TE,Texas A&M,255,,,,,,,